,yName,xNameMatrix,weight_cell_1,weight_cell_2,type,ID,stable_id,cv.R2,cv.cor,in.sample.cor,in.sample.R2,n_snp_input,n_snp_model
1,ENSG00000048707.13,chr1_12084162_A_G_b38,0.012579228182204,0.012579228182204,NonSpecific,ENSG00000048707.13,ENSG00000048707,0.0388598994681197,0.19989094290467,0.441675886130607,0.124158498459768,72,4
2,ENSG00000048707.13,chr1_12128557_G_A_b38,0.29583234860753,0.29583234860753,NonSpecific,ENSG00000048707.13,ENSG00000048707,0.0388598994681197,0.19989094290467,0.441675886130607,0.124158498459768,72,4
3,ENSG00000048707.13,chr1_12233555_G_A_b38,0.0329269447748137,0.0329269447748137,NonSpecific,ENSG00000048707.13,ENSG00000048707,0.0388598994681197,0.19989094290467,0.441675886130607,0.124158498459768,72,4
4,ENSG00000048707.13,chr1_12766700_C_T_b38,0.064143688235263,0.064143688235263,NonSpecific,ENSG00000048707.13,ENSG00000048707,0.0388598994681197,0.19989094290467,0.441675886130607,0.124158498459768,72,4
5,ENSG00000084676.15,chr2_24435293_G_A_b38,0.0371515950831032,0.0371515950831032,NonSpecific,ENSG00000084676.15,ENSG00000084676,-0.0467418979490497,-0.0322587550075931,0.433624754786067,0.101107892443902,160,8
6,ENSG00000084676.15,chr2_24576978_A_G_b38,-0.0162656707044133,-0.0162656707044133,NonSpecific,ENSG00000084676.15,ENSG00000084676,-0.0467418979490497,-0.0322587550075931,0.433624754786067,0.101107892443902,160,8
7,ENSG00000084676.15,chr2_24807432_G_T_b38,0.0694820459119818,0.0694820459119818,NonSpecific,ENSG00000084676.15,ENSG00000084676,-0.0467418979490497,-0.0322587550075931,0.433624754786067,0.101107892443902,160,8
8,ENSG00000084676.15,chr2_24830541_C_T_b38,-0.0530917287584507,-0.0530917287584507,NonSpecific,ENSG00000084676.15,ENSG00000084676,-0.0467418979490497,-0.0322587550075931,0.433624754786067,0.101107892443902,160,8
9,ENSG00000084676.15,chr2_24888811_T_C_b38,0.00510111206654062,0.00510111206654062,NonSpecific,ENSG00000084676.15,ENSG00000084676,-0.0467418979490497,-0.0322587550075931,0.433624754786067,0.101107892443902,160,8
10,ENSG00000084676.15,chr2_25081705_A_G_b38,-0.0840029259914771,-0.0840029259914771,NonSpecific,ENSG00000084676.15,ENSG00000084676,-0.0467418979490497,-0.0322587550075931,0.433624754786067,0.101107892443902,160,8
11,ENSG00000084676.15,chr2_25122228_G_A_b38,0.00898508459153034,0.00898508459153034,NonSpecific,ENSG00000084676.15,ENSG00000084676,-0.0467418979490497,-0.0322587550075931,0.433624754786067,0.101107892443902,160,8
12,ENSG00000084676.15,chr2_25432522_C_G_b38,-0.0161678736443806,-0.0161678736443806,NonSpecific,ENSG00000084676.15,ENSG00000084676,-0.0467418979490497,-0.0322587550075931,0.433624754786067,0.101107892443902,160,8
13,ENSG00000092607.13,chr1_118022432_A_AAAAC_b38,0.0169521867505812,0.0169521867505812,NonSpecific,ENSG00000092607.13,ENSG00000092607,-0.0265107090871561,-0.0561940212738746,0.377219653132131,0.0409313452378604,96,6
14,ENSG00000092607.13,chr1_118992711_T_A_b38,0.0358911224978592,0.0358911224978592,NonSpecific,ENSG00000092607.13,ENSG00000092607,-0.0265107090871561,-0.0561940212738746,0.377219653132131,0.0409313452378604,96,6
15,ENSG00000092607.13,chr1_119164101_A_G_b38,0.0721146232233611,0.0721146232233611,NonSpecific,ENSG00000092607.13,ENSG00000092607,-0.0265107090871561,-0.0561940212738746,0.377219653132131,0.0409313452378604,96,6
16,ENSG00000092607.13,chr1_119273892_T_TA_b38,0.016901159799286,0.016901159799286,NonSpecific,ENSG00000092607.13,ENSG00000092607,-0.0265107090871561,-0.0561940212738746,0.377219653132131,0.0409313452378604,96,6
17,ENSG00000092607.13,chr1_119524252_A_G_b38,0.00414897010833395,0.00414897010833395,NonSpecific,ENSG00000092607.13,ENSG00000092607,-0.0265107090871561,-0.0561940212738746,0.377219653132131,0.0409313452378604,96,6
18,ENSG00000092607.13,chr1_119880082_C_T_b38,-0.00851038050012747,-0.00851038050012747,NonSpecific,ENSG00000092607.13,ENSG00000092607,-0.0265107090871561,-0.0561940212738746,0.377219653132131,0.0409313452378604,96,6
19,ENSG00000103199.13,chr16_4340291_G_A_b38,0.0245325294737978,0.0245325294737978,NonSpecific,ENSG00000103199.13,ENSG00000103199,0.00832395246981044,0.101620924046612,0.45408438865761,0.0930174609995026,235,9
20,ENSG00000103199.13,chr16_4419051_C_T_b38,0.0825560016872601,0.0825560016872601,NonSpecific,ENSG00000103199.13,ENSG00000103199,0.00832395246981044,0.101620924046612,0.45408438865761,0.0930174609995026,235,9
21,ENSG00000103199.13,chr16_4437227_T_C_b38,-0.0362956881982565,-0.0362956881982565,NonSpecific,ENSG00000103199.13,ENSG00000103199,0.00832395246981044,0.101620924046612,0.45408438865761,0.0930174609995026,235,9
22,ENSG00000103199.13,chr16_4642980_C_CAG_b38,0.00502333664362687,0.00502333664362687,NonSpecific,ENSG00000103199.13,ENSG00000103199,0.00832395246981044,0.101620924046612,0.45408438865761,0.0930174609995026,235,9
23,ENSG00000103199.13,chr16_4684512_C_T_b38,-0.00141760828576578,-0.00141760828576578,NonSpecific,ENSG00000103199.13,ENSG00000103199,0.00832395246981044,0.101620924046612,0.45408438865761,0.0930174609995026,235,9
24,ENSG00000103199.13,chr16_4731190_G_A_b38,-0.0878792313003814,-0.0878792313003814,NonSpecific,ENSG00000103199.13,ENSG00000103199,0.00832395246981044,0.101620924046612,0.45408438865761,0.0930174609995026,235,9
25,ENSG00000103199.13,chr16_4751841_G_A_b38,-0.0273053571962336,-0.0273053571962336,NonSpecific,ENSG00000103199.13,ENSG00000103199,0.00832395246981044,0.101620924046612,0.45408438865761,0.0930174609995026,235,9
26,ENSG00000103199.13,chr16_4788616_T_C_b38,0.0101996084280855,0.0101996084280855,NonSpecific,ENSG00000103199.13,ENSG00000103199,0.00832395246981044,0.101620924046612,0.45408438865761,0.0930174609995026,235,9
27,ENSG00000103199.13,chr16_5233490_T_G_b38,-0.0302963108228444,-0.0302963108228444,NonSpecific,ENSG00000103199.13,ENSG00000103199,0.00832395246981044,0.101620924046612,0.45408438865761,0.0930174609995026,235,9
28,ENSG00000110092.3,chr11_68699350_T_C_b38,-0.031827282957198,-0.031827282957198,NonSpecific,ENSG00000110092.3,ENSG00000110092,-0.0434918760377359,0.00970335851434818,0.466262413766344,0.142406907552245,76,11
29,ENSG00000110092.3,chr11_69229315_G_A_b38,0.0409484364588796,0.0409484364588796,NonSpecific,ENSG00000110092.3,ENSG00000110092,-0.0434918760377359,0.00970335851434818,0.466262413766344,0.142406907552245,76,11
30,ENSG00000110092.3,chr11_69272360_T_C_b38,-0.00691984633406764,-0.00691984633406764,NonSpecific,ENSG00000110092.3,ENSG00000110092,-0.0434918760377359,0.00970335851434818,0.466262413766344,0.142406907552245,76,11
31,ENSG00000110092.3,chr11_69273743_C_T_b38,-0.0667709643192637,-0.0667709643192637,NonSpecific,ENSG00000110092.3,ENSG00000110092,-0.0434918760377359,0.00970335851434818,0.466262413766344,0.142406907552245,76,11
32,ENSG00000110092.3,chr11_69304157_G_A_b38,0.0649559380023277,0.0649559380023277,NonSpecific,ENSG00000110092.3,ENSG00000110092,-0.0434918760377359,0.00970335851434818,0.466262413766344,0.142406907552245,76,11
33,ENSG00000110092.3,chr11_69314531_G_A_b38,-0.131476191591968,-0.131476191591968,NonSpecific,ENSG00000110092.3,ENSG00000110092,-0.0434918760377359,0.00970335851434818,0.466262413766344,0.142406907552245,76,11
34,ENSG00000110092.3,chr11_69325560_A_T_b38,0.0882123198982002,0.0882123198982002,NonSpecific,ENSG00000110092.3,ENSG00000110092,-0.0434918760377359,0.00970335851434818,0.466262413766344,0.142406907552245,76,11
35,ENSG00000110092.3,chr11_69737590_T_C_b38,0.00164324201506477,0.00164324201506477,NonSpecific,ENSG00000110092.3,ENSG00000110092,-0.0434918760377359,0.00970335851434818,0.466262413766344,0.142406907552245,76,11
36,ENSG00000110092.3,chr11_70100883_T_C_b38,-0.0256074421385131,-0.0256074421385131,NonSpecific,ENSG00000110092.3,ENSG00000110092,-0.0434918760377359,0.00970335851434818,0.466262413766344,0.142406907552245,76,11
37,ENSG00000110092.3,chr11_70454171_A_G_b38,-0.00918061097412717,-0.00918061097412717,NonSpecific,ENSG00000110092.3,ENSG00000110092,-0.0434918760377359,0.00970335851434818,0.466262413766344,0.142406907552245,76,11
38,ENSG00000110092.3,chr11_70549056_C_G_b38,0.0115416524976652,0.0115416524976652,NonSpecific,ENSG00000110092.3,ENSG00000110092,-0.0434918760377359,0.00970335851434818,0.466262413766344,0.142406907552245,76,11
39,ENSG00000142233.11,chr19_48592206_G_C_b38,-0.00554427775941963,-0.00554427775941963,NonSpecific,ENSG00000142233.11,ENSG00000142233,0.127721018301352,0.360808790495816,0.59811354780723,0.27272639460233,122,12
40,ENSG00000142233.11,chr19_48593035_G_A_b38,0.0348796431158496,0.0348796431158496,NonSpecific,ENSG00000142233.11,ENSG00000142233,0.127721018301352,0.360808790495816,0.59811354780723,0.27272639460233,122,12
41,ENSG00000142233.11,chr19_48665685_G_A_b38,0.0339125450522538,0.0339125450522538,NonSpecific,ENSG00000142233.11,ENSG00000142233,0.127721018301352,0.360808790495816,0.59811354780723,0.27272639460233,122,12
42,ENSG00000142233.11,chr19_48674791_T_G_b38,0.0331439263165889,0.0331439263165889,NonSpecific,ENSG00000142233.11,ENSG00000142233,0.127721018301352,0.360808790495816,0.59811354780723,0.27272639460233,122,12
43,ENSG00000142233.11,chr19_48684378_G_A_b38,-0.200447591842261,-0.200447591842261,NonSpecific,ENSG00000142233.11,ENSG00000142233,0.127721018301352,0.360808790495816,0.59811354780723,0.27272639460233,122,12
44,ENSG00000142233.11,chr19_48751698_C_T_b38,-0.0406738551675708,-0.0406738551675708,NonSpecific,ENSG00000142233.11,ENSG00000142233,0.127721018301352,0.360808790495816,0.59811354780723,0.27272639460233,122,12
45,ENSG00000142233.11,chr19_48769204_C_A_b38,-0.0570061281221443,-0.0570061281221443,NonSpecific,ENSG00000142233.11,ENSG00000142233,0.127721018301352,0.360808790495816,0.59811354780723,0.27272639460233,122,12
46,ENSG00000142233.11,chr19_48789389_T_C_b38,0.00109816228986868,0.00109816228986868,NonSpecific,ENSG00000142233.11,ENSG00000142233,0.127721018301352,0.360808790495816,0.59811354780723,0.27272639460233,122,12
47,ENSG00000142233.11,chr19_48808273_C_G_b38,0.0544984223376458,0.0544984223376458,NonSpecific,ENSG00000142233.11,ENSG00000142233,0.127721018301352,0.360808790495816,0.59811354780723,0.27272639460233,122,12
48,ENSG00000142233.11,chr19_48858514_C_T_b38,-0.0100919355871892,-0.0100919355871892,NonSpecific,ENSG00000142233.11,ENSG00000142233,0.127721018301352,0.360808790495816,0.59811354780723,0.27272639460233,122,12
49,ENSG00000142233.11,chr19_48957466_A_G_b38,0.0388564364474423,0.0388564364474423,NonSpecific,ENSG00000142233.11,ENSG00000142233,0.127721018301352,0.360808790495816,0.59811354780723,0.27272639460233,122,12
50,ENSG00000142233.11,chr19_49645004_C_A_b38,0.0286634333591716,0.0286634333591716,NonSpecific,ENSG00000142233.11,ENSG00000142233,0.127721018301352,0.360808790495816,0.59811354780723,0.27272639460233,122,12
51,ENSG00000149054.15,chr11_5979084_GC_G_b38,0.0855626770849523,0.0855626770849523,NonSpecific,ENSG00000149054.15,ENSG00000149054,0.143948218529163,0.379697666771149,0.659659563272327,0.37650961661276,116,16
52,ENSG00000149054.15,chr11_6062722_G_A_b38,0.020830876416994,0.020830876416994,NonSpecific,ENSG00000149054.15,ENSG00000149054,0.143948218529163,0.379697666771149,0.659659563272327,0.37650961661276,116,16
53,ENSG00000149054.15,chr11_6416834_C_T_b38,-0.0447784235701112,-0.0447784235701112,NonSpecific,ENSG00000149054.15,ENSG00000149054,0.143948218529163,0.379697666771149,0.659659563272327,0.37650961661276,116,16
54,ENSG00000149054.15,chr11_6806625_T_C_b38,0.0093628623451274,0.0093628623451274,NonSpecific,ENSG00000149054.15,ENSG00000149054,0.143948218529163,0.379697666771149,0.659659563272327,0.37650961661276,116,16
55,ENSG00000149054.15,chr11_6906406_G_A_b38,-0.0206147307173616,-0.0206147307173616,NonSpecific,ENSG00000149054.15,ENSG00000149054,0.143948218529163,0.379697666771149,0.659659563272327,0.37650961661276,116,16
56,ENSG00000149054.15,chr11_6917206_C_T_b38,0.259984492043838,0.259984492043838,NonSpecific,ENSG00000149054.15,ENSG00000149054,0.143948218529163,0.379697666771149,0.659659563272327,0.37650961661276,116,16
57,ENSG00000149054.15,chr11_6918088_C_A_b38,-0.0472514740004364,-0.0472514740004364,NonSpecific,ENSG00000149054.15,ENSG00000149054,0.143948218529163,0.379697666771149,0.659659563272327,0.37650961661276,116,16
58,ENSG00000149054.15,chr11_6923424_C_A_b38,-0.311563499878498,-0.311563499878498,NonSpecific,ENSG00000149054.15,ENSG00000149054,0.143948218529163,0.379697666771149,0.659659563272327,0.37650961661276,116,16
59,ENSG00000149054.15,chr11_6937363_T_C_b38,0.0590919839920318,0.0590919839920318,NonSpecific,ENSG00000149054.15,ENSG00000149054,0.143948218529163,0.379697666771149,0.659659563272327,0.37650961661276,116,16
60,ENSG00000149054.15,chr11_6942513_A_T_b38,-0.0144113906474786,-0.0144113906474786,NonSpecific,ENSG00000149054.15,ENSG00000149054,0.143948218529163,0.379697666771149,0.659659563272327,0.37650961661276,116,16
61,ENSG00000149054.15,chr11_6957217_A_G_b38,0.074999244302232,0.074999244302232,NonSpecific,ENSG00000149054.15,ENSG00000149054,0.143948218529163,0.379697666771149,0.659659563272327,0.37650961661276,116,16
62,ENSG00000149054.15,chr11_6972327_T_G_b38,0.112016957267582,0.112016957267582,NonSpecific,ENSG00000149054.15,ENSG00000149054,0.143948218529163,0.379697666771149,0.659659563272327,0.37650961661276,116,16
63,ENSG00000149054.15,chr11_6976354_C_A_b38,0.0325513752357201,0.0325513752357201,NonSpecific,ENSG00000149054.15,ENSG00000149054,0.143948218529163,0.379697666771149,0.659659563272327,0.37650961661276,116,16
64,ENSG00000149054.15,chr11_6995491_T_C_b38,-0.218795400764205,-0.218795400764205,NonSpecific,ENSG00000149054.15,ENSG00000149054,0.143948218529163,0.379697666771149,0.659659563272327,0.37650961661276,116,16
65,ENSG00000149054.15,chr11_7106348_A_C_b38,0.00518106556461888,0.00518106556461888,NonSpecific,ENSG00000149054.15,ENSG00000149054,0.143948218529163,0.379697666771149,0.659659563272327,0.37650961661276,116,16
66,ENSG00000149054.15,chr11_7633309_G_A_b38,0.331071898487973,0.331071898487973,NonSpecific,ENSG00000149054.15,ENSG00000149054,0.143948218529163,0.379697666771149,0.659659563272327,0.37650961661276,116,16
67,ENSG00000159164.9,chr1_149006492_C_T_b38,0.00434716541066697,0.00434716541066697,NonSpecific,ENSG00000159164.9,ENSG00000159164,-0.0689387774985259,-0.0130092435468393,0.341738638012748,0.0511121566839998,79,7
68,ENSG00000159164.9,chr1_149592180_T_C_b38,0.0164391859146288,0.0164391859146288,NonSpecific,ENSG00000159164.9,ENSG00000159164,-0.0689387774985259,-0.0130092435468393,0.341738638012748,0.0511121566839998,79,7
69,ENSG00000159164.9,chr1_149665896_A_G_b38,0.0305011983614767,0.0305011983614767,NonSpecific,ENSG00000159164.9,ENSG00000159164,-0.0689387774985259,-0.0130092435468393,0.341738638012748,0.0511121566839998,79,7
70,ENSG00000159164.9,chr1_149780394_A_G_b38,-0.0235249147408401,-0.0235249147408401,NonSpecific,ENSG00000159164.9,ENSG00000159164,-0.0689387774985259,-0.0130092435468393,0.341738638012748,0.0511121566839998,79,7
71,ENSG00000159164.9,chr1_149803323_T_C_b38,-0.0576605667546748,-0.0576605667546748,NonSpecific,ENSG00000159164.9,ENSG00000159164,-0.0689387774985259,-0.0130092435468393,0.341738638012748,0.0511121566839998,79,7
72,ENSG00000159164.9,chr1_149875391_T_A_b38,-0.0298780314800237,-0.0298780314800237,NonSpecific,ENSG00000159164.9,ENSG00000159164,-0.0689387774985259,-0.0130092435468393,0.341738638012748,0.0511121566839998,79,7
73,ENSG00000159164.9,chr1_149936215_A_G_b38,-0.0222287274022338,-0.0222287274022338,NonSpecific,ENSG00000159164.9,ENSG00000159164,-0.0689387774985259,-0.0130092435468393,0.341738638012748,0.0511121566839998,79,7
74,ENSG00000165269.12,chr9_33355763_G_A_b38,-0.0244269249933376,-0.0244269249933376,NonSpecific,ENSG00000165269.12,ENSG00000165269,-0.0158406925101284,0.0415785819693494,0.361646892218242,0.0809307139652924,160,6
75,ENSG00000165269.12,chr9_33359361_G_C_b38,-0.0868814807343668,-0.0868814807343668,NonSpecific,ENSG00000165269.12,ENSG00000165269,-0.0158406925101284,0.0415785819693494,0.361646892218242,0.0809307139652924,160,6
76,ENSG00000165269.12,chr9_33385243_C_A_b38,-0.0072119334788859,-0.0072119334788859,NonSpecific,ENSG00000165269.12,ENSG00000165269,-0.0158406925101284,0.0415785819693494,0.361646892218242,0.0809307139652924,160,6
77,ENSG00000165269.12,chr9_33419065_T_C_b38,-0.00992434438492738,-0.00992434438492738,NonSpecific,ENSG00000165269.12,ENSG00000165269,-0.0158406925101284,0.0415785819693494,0.361646892218242,0.0809307139652924,160,6
78,ENSG00000165269.12,chr9_33420338_C_A_b38,-0.0199946700978903,-0.0199946700978903,NonSpecific,ENSG00000165269.12,ENSG00000165269,-0.0158406925101284,0.0415785819693494,0.361646892218242,0.0809307139652924,160,6
79,ENSG00000165269.12,chr9_33430177_G_C_b38,-0.0467418014019175,-0.0467418014019175,NonSpecific,ENSG00000165269.12,ENSG00000165269,-0.0158406925101284,0.0415785819693494,0.361646892218242,0.0809307139652924,160,6
80,ENSG00000166333.13,chr11_7046937_C_T_b38,0.174586503812988,0.174586503812988,NonSpecific,ENSG00000166333.13,ENSG00000166333,-0.0150735226048162,-0.0431129209639869,0.280854017461946,0.0319460210743305,94,1
81,ENSG00000183779.6,chr8_36980132_T_C_b38,-0.0467708643201817,-0.0467708643201817,NonSpecific,ENSG00000183779.6,ENSG00000183779,-0.03880505133089,-0.182008079403131,0.315231591241955,0.0321098282476793,56,4
82,ENSG00000183779.6,chr8_36989597_T_C_b38,-0.0079577786087099,-0.0079577786087099,NonSpecific,ENSG00000183779.6,ENSG00000183779,-0.03880505133089,-0.182008079403131,0.315231591241955,0.0321098282476793,56,4
83,ENSG00000183779.6,chr8_37017416_C_T_b38,0.0182020575126443,0.0182020575126443,NonSpecific,ENSG00000183779.6,ENSG00000183779,-0.03880505133089,-0.182008079403131,0.315231591241955,0.0321098282476793,56,4
84,ENSG00000183779.6,chr8_37350348_A_G_b38,-0.0383264259228497,-0.0383264259228497,NonSpecific,ENSG00000183779.6,ENSG00000183779,-0.03880505133089,-0.182008079403131,0.315231591241955,0.0321098282476793,56,4
85,ENSG00000198914.3,chr2_104238592_G_A_b38,-0.157557871059361,-0.157557871059361,NonSpecific,ENSG00000198914.3,ENSG00000198914,0.256618258373437,0.514821247664491,0.655387433806105,0.374756792375765,55,11
86,ENSG00000198914.3,chr2_104531960_C_T_b38,0.0177707211390313,0.0177707211390313,NonSpecific,ENSG00000198914.3,ENSG00000198914,0.256618258373437,0.514821247664491,0.655387433806105,0.374756792375765,55,11
87,ENSG00000198914.3,chr2_104594304_T_C_b38,-0.53330983477884,-0.53330983477884,NonSpecific,ENSG00000198914.3,ENSG00000198914,0.256618258373437,0.514821247664491,0.655387433806105,0.374756792375765,55,11
88,ENSG00000198914.3,chr2_104801834_A_G_b38,0.0175522660712895,0.0175522660712895,NonSpecific,ENSG00000198914.3,ENSG00000198914,0.256618258373437,0.514821247664491,0.655387433806105,0.374756792375765,55,11
89,ENSG00000198914.3,chr2_104973656_T_C_b38,0.0849875824226899,0.0849875824226899,NonSpecific,ENSG00000198914.3,ENSG00000198914,0.256618258373437,0.514821247664491,0.655387433806105,0.374756792375765,55,11
90,ENSG00000198914.3,chr2_105169752_G_A_b38,-0.0597579342110872,-0.0597579342110872,NonSpecific,ENSG00000198914.3,ENSG00000198914,0.256618258373437,0.514821247664491,0.655387433806105,0.374756792375765,55,11
91,ENSG00000198914.3,chr2_105181868_G_A_b38,-0.0217477748845101,-0.0217477748845101,NonSpecific,ENSG00000198914.3,ENSG00000198914,0.256618258373437,0.514821247664491,0.655387433806105,0.374756792375765,55,11
92,ENSG00000198914.3,chr2_105298671_G_A_b38,0.219698533464147,0.219698533464147,NonSpecific,ENSG00000198914.3,ENSG00000198914,0.256618258373437,0.514821247664491,0.655387433806105,0.374756792375765,55,11
93,ENSG00000198914.3,chr2_105439214_C_T_b38,-0.206428265730325,-0.206428265730325,NonSpecific,ENSG00000198914.3,ENSG00000198914,0.256618258373437,0.514821247664491,0.655387433806105,0.374756792375765,55,11
94,ENSG00000198914.3,chr2_105613011_C_T_b38,0.0548056231587048,0.0548056231587048,NonSpecific,ENSG00000198914.3,ENSG00000198914,0.256618258373437,0.514821247664491,0.655387433806105,0.374756792375765,55,11
95,ENSG00000198914.3,chr2_105715048_A_G_b38,0.171620129309511,0.171620129309511,NonSpecific,ENSG00000198914.3,ENSG00000198914,0.256618258373437,0.514821247664491,0.655387433806105,0.374756792375765,55,11
96,ENSG00000224397.5,chr20_50180668_T_A_b38,0.0708752992631863,0.0708752992631863,NonSpecific,ENSG00000224397.5,ENSG00000224397,0.11265231670315,0.337306581530639,0.527879179376912,0.22746376563879,113,5
97,ENSG00000224397.5,chr20_50267587_C_A_b38,-0.0604250893395876,-0.0604250893395876,NonSpecific,ENSG00000224397.5,ENSG00000224397,0.11265231670315,0.337306581530639,0.527879179376912,0.22746376563879,113,5
98,ENSG00000224397.5,chr20_50267658_A_G_b38,-0.348674134964761,-0.348674134964761,NonSpecific,ENSG00000224397.5,ENSG00000224397,0.11265231670315,0.337306581530639,0.527879179376912,0.22746376563879,113,5
99,ENSG00000224397.5,chr20_50308117_G_A_b38,-0.0735372328186598,-0.0735372328186598,NonSpecific,ENSG00000224397.5,ENSG00000224397,0.11265231670315,0.337306581530639,0.527879179376912,0.22746376563879,113,5
100,ENSG00000224397.5,chr20_50838419_A_T_b38,-0.0661382310048425,-0.0661382310048425,NonSpecific,ENSG00000224397.5,ENSG00000224397,0.11265231670315,0.337306581530639,0.527879179376912,0.22746376563879,113,5
101,ENSG00000226445.1,chr6_168587193_A_G_b38,0.0130263477869149,0.0130263477869149,NonSpecific,ENSG00000226445.1,ENSG00000226445,0.213252379256532,0.51105118931482,0.594332063703842,0.256974617845969,104,5
102,ENSG00000226445.1,chr6_169159777_T_C_b38,0.0667540653312268,0.0667540653312268,NonSpecific,ENSG00000226445.1,ENSG00000226445,0.213252379256532,0.51105118931482,0.594332063703842,0.256974617845969,104,5
103,ENSG00000226445.1,chr6_169216002_C_T_b38,-0.392053237315623,-0.392053237315623,NonSpecific,ENSG00000226445.1,ENSG00000226445,0.213252379256532,0.51105118931482,0.594332063703842,0.256974617845969,104,5
104,ENSG00000226445.1,chr6_169264940_A_G_b38,-0.167006824392428,-0.167006824392428,NonSpecific,ENSG00000226445.1,ENSG00000226445,0.213252379256532,0.51105118931482,0.594332063703842,0.256974617845969,104,5
105,ENSG00000226445.1,chr6_169267139_A_G_b38,-0.0605967857139031,-0.0605967857139031,NonSpecific,ENSG00000226445.1,ENSG00000226445,0.213252379256532,0.51105118931482,0.594332063703842,0.256974617845969,104,5
106,ENSG00000232871.8,chr19_47968954_A_G_b38,-0.0115206912898703,-0.0115206912898703,NonSpecific,ENSG00000232871.8,ENSG00000232871,0.138955682083972,0.37296737655172,0.645673861612887,0.354350294484453,137,17
107,ENSG00000232871.8,chr19_48062226_G_A_b38,-0.0132051119609227,-0.0132051119609227,NonSpecific,ENSG00000232871.8,ENSG00000232871,0.138955682083972,0.37296737655172,0.645673861612887,0.354350294484453,137,17
108,ENSG00000232871.8,chr19_48425449_T_C_b38,-0.0326405433773995,-0.0326405433773995,NonSpecific,ENSG00000232871.8,ENSG00000232871,0.138955682083972,0.37296737655172,0.645673861612887,0.354350294484453,137,17
109,ENSG00000232871.8,chr19_48558058_C_A_b38,0.0572091230153994,0.0572091230153994,NonSpecific,ENSG00000232871.8,ENSG00000232871,0.138955682083972,0.37296737655172,0.645673861612887,0.354350294484453,137,17
110,ENSG00000232871.8,chr19_48609042_G_A_b38,-0.0856469728685523,-0.0856469728685523,NonSpecific,ENSG00000232871.8,ENSG00000232871,0.138955682083972,0.37296737655172,0.645673861612887,0.354350294484453,137,17
111,ENSG00000232871.8,chr19_48610979_T_G_b38,-0.0050292528527665,-0.0050292528527665,NonSpecific,ENSG00000232871.8,ENSG00000232871,0.138955682083972,0.37296737655172,0.645673861612887,0.354350294484453,137,17
112,ENSG00000232871.8,chr19_48617517_T_G_b38,-0.0470599111707303,-0.0470599111707303,NonSpecific,ENSG00000232871.8,ENSG00000232871,0.138955682083972,0.37296737655172,0.645673861612887,0.354350294484453,137,17
113,ENSG00000232871.8,chr19_48637552_A_C_b38,0.061159078025066,0.061159078025066,NonSpecific,ENSG00000232871.8,ENSG00000232871,0.138955682083972,0.37296737655172,0.645673861612887,0.354350294484453,137,17
114,ENSG00000232871.8,chr19_48654232_C_T_b38,-0.0128409909492324,-0.0128409909492324,NonSpecific,ENSG00000232871.8,ENSG00000232871,0.138955682083972,0.37296737655172,0.645673861612887,0.354350294484453,137,17
115,ENSG00000232871.8,chr19_48659241_G_C_b38,0.181652711871615,0.181652711871615,NonSpecific,ENSG00000232871.8,ENSG00000232871,0.138955682083972,0.37296737655172,0.645673861612887,0.354350294484453,137,17
116,ENSG00000232871.8,chr19_48696547_G_C_b38,0.0264910283317968,0.0264910283317968,NonSpecific,ENSG00000232871.8,ENSG00000232871,0.138955682083972,0.37296737655172,0.645673861612887,0.354350294484453,137,17
117,ENSG00000232871.8,chr19_48769204_C_A_b38,-0.0428563913196015,-0.0428563913196015,NonSpecific,ENSG00000232871.8,ENSG00000232871,0.138955682083972,0.37296737655172,0.645673861612887,0.354350294484453,137,17
118,ENSG00000232871.8,chr19_48797636_C_T_b38,-0.126548677516319,-0.126548677516319,NonSpecific,ENSG00000232871.8,ENSG00000232871,0.138955682083972,0.37296737655172,0.645673861612887,0.354350294484453,137,17
119,ENSG00000232871.8,chr19_48883541_T_C_b38,-0.101404923134055,-0.101404923134055,NonSpecific,ENSG00000232871.8,ENSG00000232871,0.138955682083972,0.37296737655172,0.645673861612887,0.354350294484453,137,17
120,ENSG00000232871.8,chr19_48889942_G_A_b38,-0.0345636654588631,-0.0345636654588631,NonSpecific,ENSG00000232871.8,ENSG00000232871,0.138955682083972,0.37296737655172,0.645673861612887,0.354350294484453,137,17
121,ENSG00000232871.8,chr19_49012722_C_T_b38,0.00429294552817281,0.00429294552817281,NonSpecific,ENSG00000232871.8,ENSG00000232871,0.138955682083972,0.37296737655172,0.645673861612887,0.354350294484453,137,17
122,ENSG00000232871.8,chr19_49126589_G_A_b38,0.00361226329147207,0.00361226329147207,NonSpecific,ENSG00000232871.8,ENSG00000232871,0.138955682083972,0.37296737655172,0.645673861612887,0.354350294484453,137,17
123,ENSG00000236036.1,chr13_35679098_G_A_b38,-0.020991387797515,-0.020991387797515,NonSpecific,ENSG00000236036.1,ENSG00000236036,0.0749122205890927,0.279013338364904,0.407774653122556,0.132268053054433,16,3
124,ENSG00000236036.1,chr13_35695722_C_G_b38,0.197744974928238,0.197744974928238,NonSpecific,ENSG00000236036.1,ENSG00000236036,0.0749122205890927,0.279013338364904,0.407774653122556,0.132268053054433,16,3
125,ENSG00000236036.1,chr13_35700313_G_A_b38,-0.00709290720399535,-0.00709290720399535,NonSpecific,ENSG00000236036.1,ENSG00000236036,0.0749122205890927,0.279013338364904,0.407774653122556,0.132268053054433,16,3
126,ENSG00000257800.1,chr2_74097870_T_C_b38,-0.0300352549066729,-0.0300352549066729,NonSpecific,ENSG00000257800.1,ENSG00000257800,0.254622113644126,0.540488761000432,0.603637571925771,0.307598339805222,117,4
127,ENSG00000257800.1,chr2_74109147_A_T_b38,0.0938907047406599,0.0938907047406599,NonSpecific,ENSG00000257800.1,ENSG00000257800,0.254622113644126,0.540488761000432,0.603637571925771,0.307598339805222,117,4
128,ENSG00000257800.1,chr2_74120467_G_C_b38,0.233008856051733,0.233008856051733,NonSpecific,ENSG00000257800.1,ENSG00000257800,0.254622113644126,0.540488761000432,0.603637571925771,0.307598339805222,117,4
129,ENSG00000257800.1,chr2_75114421_A_G_b38,-0.0457087849042972,-0.0457087849042972,NonSpecific,ENSG00000257800.1,ENSG00000257800,0.254622113644126,0.540488761000432,0.603637571925771,0.307598339805222,117,4
130,ENSG00000277147.4,chr1_149561834_G_C_b38,0.0623281296294592,0.0623281296294592,NonSpecific,ENSG00000277147.4,ENSG00000277147,-0.0223528656677288,-0.0298803214977354,0.315191703673221,0.0490160389610445,112,3
131,ENSG00000277147.4,chr1_149591757_T_C_b38,0.143852849067201,0.143852849067201,NonSpecific,ENSG00000277147.4,ENSG00000277147,-0.0223528656677288,-0.0298803214977354,0.315191703673221,0.0490160389610445,112,3
132,ENSG00000277147.4,chr1_150017238_A_T_b38,0.00249717894234162,0.00249717894234162,NonSpecific,ENSG00000277147.4,ENSG00000277147,-0.0223528656677288,-0.0298803214977354,0.315191703673221,0.0490160389610445,112,3