V1,var_name,Effect.Meta,Baseline.Meta,Beta.meta,sdE.meta,p.meta,CHR,POS_hg19,POS_hg38
45174,1_11320350_G_A,A,G,0.0032529232940909,0.0065619152780068,0.620087,chr1,11320350,11260293
46188,1_11608422_G_A,A,G,0.0197675812010986,0.025115123421726,0.431236,chr1,11608422,11548365
46693,1_11720582_C_G,G,C,0.0002622286989841,0.0133537054081705,0.984333,chr1,11720582,11660525
46843,1_11753814_T_C,C,T,0.0002733756082482,0.0079085546386694,0.972425,chr1,11753814,11693757
46952,1_11778593_G_T,T,G,-0.0006534108432887,0.0078979084083282,0.934065,chr1,11778593,11718536
46953,1_11779499_T_C,C,T,0.0029568343106028,0.0082612376207908,0.720406,chr1,11779499,11719442
47122,1_11824242_A_C,C,A,-0.0164112431909768,0.0068993416863355,0.0173753,chr1,11824242,11764185
48014,1_11968360_C_T,T,C,-0.0005173540259756,0.0072863145991014,0.943395,chr1,11968360,11908303
48114,1_11982544_T_C,C,T,0.0109647270008283,0.007339052083796,0.135169,chr1,11982544,11922487
48264,1_12024923_T_C,C,T,0.0102476997788455,0.011231062151819,0.361536,chr1,12024923,11964866
48428,1_12071433_C_G,G,C,0.0097045308966391,0.0125737797521208,0.440229,chr1,12071433,12011376
48533,1_12103559_TG_T,T,TG,-0.007384193004084,0.0075869311335754,0.330415,chr1,12103559,12043502
48621,1_12129969_G_A,A,G,0.0150780711577987,0.0103523857331158,0.145259,chr1,12129969,12069912
48655,1_12140436_T_C,C,T,-0.0293177771783374,0.0150082549929932,0.0507671,chr1,12140436,12080379
48670,1_12144219_A_G,G,A,0.0058093630686724,0.0066552695757785,0.382719,chr1,12144219,12084162
48721,1_12164078_C_T,T,C,0.0069419894275507,0.0073433230305764,0.344482,chr1,12164078,12104021
48825,1_12186933_A_G,G,A,-0.0057862934370266,0.0069407026542294,0.404464,chr1,12186933,12126876
48831,1_12187712_A_G,G,A,-0.0021833227183214,0.008811825518695,0.804311,chr1,12187712,12127655
48838,1_12188614_G_A,A,G,0.009730390149507,0.0134907508744615,0.470747,chr1,12188614,12128557
49079,1_12249031_A_G,G,A,-0.0049459845744137,0.0067318428405398,0.462513,chr1,12249031,12188974
49161,1_12268499_G_A,A,G,-0.0037102554854396,0.009764433742565,0.703963,chr1,12268499,12208442
49177,1_12273620_T_A,A,T,0.079988290357554,0.0349738573575622,0.0221907,chr1,12273620,12213563
49231,1_12287617_G_A,A,G,-0.0091948612470037,0.0114499304145164,0.421946,chr1,12287617,12227560
49244,1_12291822_G_A,A,G,0.0116327215726644,0.0095952811887048,0.225383,chr1,12291822,12231765
49249,1_12293612_G_A,A,G,0.0215229634232809,0.0107935349052275,0.0461454,chr1,12293612,12233555
49337,1_12319245_C_T,T,C,0.0423116978100782,0.0244948792526028,0.0841014,chr1,12319245,12259188
49432,1_12366165_C_T,T,C,-0.0040220614020308,0.0166653478972102,0.809289,chr1,12366165,12306108
49517,1_12399399_T_C,C,T,0.0169258121824636,0.0104906689367941,0.106654,chr1,12399399,12339342
49564,1_12421009_A_G,G,A,0.0241365633821198,0.019940859316816,0.226123,chr1,12421009,12360953
49655,1_12457048_T_C,C,T,0.0123958857039187,0.0095427631736332,0.19395,chr1,12457048,12396991
49732,1_12496021_T_C,C,T,0.0089097427420062,0.0124310033577327,0.473537,chr1,12496021,12435965
49931,1_12577209_G_A,A,G,0.0189388945223814,0.0101036621627895,0.0608673,chr1,12577209,12517157
50081,1_12606725_A_C,C,A,-0.0120235892184611,0.0090550867634118,0.184235,chr1,12606725,12546691
50272,1_12635792_C_T,T,C,-0.0096056382179961,0.0093165059204927,0.302525,chr1,12635792,12575764
50438,1_12671809_A_C,C,A,-0.0039528713335497,0.0062643244837358,0.528032,chr1,12671809,12611804
50557,1_12695826_T_G,G,T,0.0211673396208593,0.0227361784125362,0.351855,chr1,12695826,12635821
50651,1_12718815_A_G,G,A,0.0014313007194653,0.016081091949286,0.929078,chr1,12718815,12658804
50663,1_12723184_G_A,A,G,-0.0083415643360933,0.0119651869979859,0.485707,chr1,12723184,12663173
50702,1_12738442_T_G,G,T,-0.0115853547359532,0.0450162416884397,0.796901,chr1,12738442,12678431
50748,1_12748370_C_T,T,C,0.0032340297071786,0.0109013768735091,0.766724,chr1,12748370,12688356
50980,1_12808201_C_G,G,C,0.0076098613312156,0.0120206532401569,0.526691,chr1,12808201,12748253
51066,1_12826851_C_T,T,C,0.0099022376379621,0.0229316345777066,0.665875,chr1,12826851,12766700
51745,1_12898472_C_T,T,C,0.0186909685585583,0.0142516048787472,0.189689,chr1,12898472,12838619
51749,1_12898551_A_G,G,A,-0.0025874431571466,0.0197658567184845,0.895851,chr1,12898551,12838698
51752,1_12898591_G_T,T,G,-0.0014271198935065,0.019161898358822,0.940631,chr1,12898591,12838738
52233,1_12990589_T_C,C,T,0.0110079421950013,0.0146314735729238,0.451843,chr1,12990589,12930759
52533,1_13173436_C_G,G,C,0.0143013994949538,0.0196466955338163,0.466657,chr1,13173436,13105968
52547,1_13175574_G_A,A,G,-0.0007334003282944,0.0248188391051927,0.976426,chr1,13175574,13108102
425211,1_118565055_A_AAAAC,AAAAC,A,-0.0242540113644581,0.0064865978803014,0.000184683,chr1,118565055,118022432
425894,1_118832946_A_C,C,A,0.0311013413147294,0.0260313829260199,0.23218,chr1,118832946,118290323
425920,1_118845756_C_T,T,C,7.48740384702543e-05,0.0069459738311052,0.991399,chr1,118845756,118303133
425992,1_118858795_C_A,A,C,0.0128646500689089,0.0137971631398046,0.351123,chr1,118858795,118316172
426385,1_118968644_C_T,T,C,-0.0169332986375726,0.006585946963623,0.0101368,chr1,118968644,118426021
426405,1_118978418_A_G,G,A,0.0009994837697642,0.0079067135394511,0.899408,chr1,118978418,118435795
426549,1_119019514_C_T,T,C,-0.0144304264690324,0.011031018354751,0.190816,chr1,119019514,118476891
427849,1_119302116_T_C,C,T,-0.0063484073536169,0.0092879117831766,0.494283,chr1,119302116,118759493
428055,1_119376230_A_G,G,A,0.0206643828964715,0.0103591908155074,0.0460661,chr1,119376230,118833607
428235,1_119452655_A_C,C,A,0.0131619987544526,0.0088751811452564,0.138071,chr1,119452655,118910032
428240,1_119453579_G_C,C,G,0.008051834567356,0.0081442331097022,0.322832,chr1,119453579,118910956
428269,1_119461128_G_T,T,G,0.0327956541788545,0.0119375161784731,0.00600925,chr1,119461128,118918505
428293,1_119467005_C_T,T,C,-0.0239249024987005,0.0157763047550056,0.129391,chr1,119467005,118924382
428408,1_119498104_A_G,G,A,-0.0105164714324361,0.012333687792788,0.393847,chr1,119498104,118955481
428409,1_119498186_A_C,C,A,0.0526395010093577,0.0143230142297441,0.000237692,chr1,119498186,118955563
428513,1_119531497_G_A,A,G,-0.0137701202810628,0.007029853773576,0.0501355,chr1,119531497,118988874
428521,1_119535334_T_A,A,T,-0.0054008883720846,0.0061440943839929,0.379381,chr1,119535334,118992711
428586,1_119550480_A_C,C,A,0.005210742269518,0.0061894893294328,0.399861,chr1,119550480,119007857
428860,1_119608918_G_A,A,G,-0.0118864806386159,0.00669934162726,0.0760175,chr1,119608918,119066295
428962,1_119648656_T_C,C,T,-0.0050176067704136,0.0061810046912343,0.416919,chr1,119648656,119106033
428984,1_119657938_T_C,C,T,-0.0015717352319438,0.0067990587526061,0.817183,chr1,119657938,119115315
428999,1_119662482_T_A,A,T,-0.0302267970836255,0.015058477725281,0.0447183,chr1,119662482,119119859
429022,1_119670120_A_G,G,A,0.0059228291155423,0.0062490641974435,0.343234,chr1,119670120,119127497
429025,1_119670805_A_C,C,A,0.0027349497962877,0.0061221669699395,0.655071,chr1,119670805,119128182
429127,1_119700893_T_C,C,T,0.0055771773822952,0.0086135139866762,0.517314,chr1,119700893,119158270
429147,1_119706724_A_G,G,A,-0.0190582535110792,0.0270981608748311,0.481866,chr1,119706724,119164101
429354,1_119764520_A_G,G,A,0.0054397157389251,0.0080617226873708,0.499829,chr1,119764520,119221897
429356,1_119765192_G_T,T,G,0.0043939554337394,0.0089730113741545,0.624356,chr1,119765192,119222569
429412,1_119783223_T_A,A,T,-0.0026868185359829,0.0063722772173508,0.673286,chr1,119783223,119240600
429472,1_119797548_T_C,C,T,0.0225014146817007,0.0182745678453877,0.218212,chr1,119797548,119254925
429484,1_119799665_C_T,T,C,-0.0043896905508939,0.0063842842389834,0.491719,chr1,119799665,119257042
429530,1_119816515_T_TA,TA,T,-0.0257608789387283,0.0114070033730091,0.0239245,chr1,119816515,119273892
429551,1_119828591_T_G,G,T,0.0184230010662963,0.0097750588509914,0.0594711,chr1,119828591,119285968
429704,1_119873079_TA_T,T,TA,0.0077573009759858,0.0118597310815913,0.513055,chr1,119873079,119330456
429981,1_119955781_G_A,A,G,0.0130389566053899,0.0147429037130129,0.376468,chr1,119955781,119413158
430362,1_120066875_A_G,G,A,0.0111248568401174,0.0064956811275761,0.0867761,chr1,120066875,119524252
430478,1_120093049_A_G,G,A,0.0030037692545118,0.0072525407491218,0.678751,chr1,120093049,119550426
430635,1_120128447_T_A,A,T,0.0033203340852539,0.0063089210491607,0.598685,chr1,120128447,119585824
431059,1_120245325_C_T,T,C,0.0188576532448887,0.007233178019111,0.00913114,chr1,120245325,119702702
431144,1_120272726_G_A,A,G,-0.0047098306052532,0.00694913590727,0.497925,chr1,120272726,119730103
431158,1_120276102_G_A,A,G,0.0094128515964306,0.0070647057858016,0.182736,chr1,120276102,119733479
431254,1_120307560_C_A,A,C,-0.0298487364590296,0.0199256225704541,0.134131,chr1,120307560,119764937
431576,1_120422705_C_T,T,C,0.0221809359432276,0.0075471459320608,0.00329291,chr1,120422705,119880082
440296,1_149608303_T_C,C,T,0.0113923655782153,0.0257590403962512,0.658296,chr1,149608303,149639147
440491,1_149722732_T_C,C,T,-0.0040609076088873,0.0095426874031403,0.670434,chr1,149722732,149751182
440564,1_149771890_A_G,G,A,-0.0113015100372335,0.013198392965875,0.391843,chr1,149771890,149800334
440572,1_149774879_T_C,C,T,-0.0072499604124029,0.0100796100721333,0.471975,chr1,149774879,149803323
440591,1_149780733_C_CTA,CTA,C,0.0163908605613478,0.009405188290804,0.0813779,chr1,149780733,149809178
440652,1_149846941_A_T,T,A,-0.0169524049424205,0.0119662239427668,0.156574,chr1,149846941,149875391
440658,1_149849171_G_A,A,G,0.0388585527402912,0.0181112807261765,0.0319094,chr1,149849171,149877621
440759,1_149892872_A_G,G,A,0.0470155508084511,0.0061018689907042,1.30734e-14,chr1,149892872,149920979
440794,1_149908108_A_G,G,A,-0.0280058716369805,0.0068587689968513,4.44157e-05,chr1,149908108,149936215
440929,1_149989198_A_T,T,A,0.074284418571926,0.0235183469982107,0.00158544,chr1,149989198,150017238
441268,1_150138710_G_A,A,G,-0.0069733470280736,0.0096727394096443,0.470954,chr1,150138710,150166512
441375,1_150185892_A_G,G,A,-0.0092786065172545,0.0344820659087844,0.787864,chr1,150185892,150213602
441404,1_150200143_TGAA_T,T,TGAA,0.0107218159900262,0.0089735204385025,0.232154,chr1,150200143,150227811
441424,1_150206375_C_T,T,C,0.0060852668010028,0.0061141923086109,0.319605,chr1,150206375,150234030
441506,1_150249101_C_A,A,C,0.0018368683109638,0.0061081509481215,0.763625,chr1,150249101,150276693
441557,1_150267801_C_T,T,C,-0.0232146452219254,0.0226000713262176,0.304329,chr1,150267801,150295381
441740,1_150314457_G_A,A,G,0.03096699293708,0.0220103904144346,0.159449,chr1,150314457,150341981
442023,1_150383775_A_G,G,A,0.0113921905788404,0.0073980199383832,0.123585,chr1,150383775,150411299
442368,1_150467096_T_A,A,T,0.0124477940427988,0.0118726972151487,0.294437,chr1,150467096,150494620
442442,1_150482738_G_A,A,G,-0.0033118710855978,0.0068532535533958,0.628914,chr1,150482738,150510262
442511,1_150504062_C_T,T,C,0.0102080598747001,0.0069267082700341,0.140556,chr1,150504062,150531586
442588,1_150527354_G_A,A,G,0.0141789780299479,0.0059921039870045,0.017968,chr1,150527354,150554878
442608,1_150531050_G_A,A,G,0.0131252945233305,0.0094009091641923,0.162662,chr1,150531050,150558574
442690,1_150558293_T_A,A,T,0.0176783410888064,0.0081133991730365,0.0293386,chr1,150558293,150585817
442866,1_150614966_G_A,A,G,-0.00144926193267,0.0077983263055268,0.852568,chr1,150614966,150642490
443116,1_150685716_T_C,C,T,0.0113483202116222,0.0113158083905488,0.315922,chr1,150685716,150713240
913920,2_23718157_C_G,G,C,0.0064350291205571,0.0064373697373111,0.317487,chr2,23718157,23495287
913926,2_23720267_G_T,T,G,-0.0016810353313606,0.006360666022442,0.79156,chr2,23720267,23497397
913949,2_23723720_T_G,G,T,0.0111523189691218,0.0142551608108667,0.434017,chr2,23723720,23500850
914007,2_23738704_C_T,T,C,-0.003664627490998,0.0139260231600923,0.792435,chr2,23738704,23515834
914226,2_23784079_T_C,C,T,0.01089784489953,0.0133320646376795,0.413691,chr2,23784079,23561209
914243,2_23787723_A_G,G,A,0.0114054904718755,0.0122479678872995,0.351742,chr2,23787723,23564853
914473,2_23858571_T_C,C,T,-0.019827106862186,0.0143432409060511,0.16687,chr2,23858571,23635701
914561,2_23874700_G_A,A,G,-0.0005899915300765,0.0070506812231777,0.933312,chr2,23874700,23651830
915879,2_24187084_TC_T,T,TC,0.0011263009645531,0.0078010309011093,0.885202,chr2,24187084,23964214
916163,2_24259188_C_G,G,C,-0.0094439057314516,0.0074977138980354,0.207824,chr2,24259188,24036318
916878,2_24439048_A_G,G,A,-0.0054723030405835,0.0114872261222756,0.633803,chr2,24439048,24216179
917523,2_24641970_G_T,T,G,0.0121367984540869,0.0061407742223685,0.0481063,chr2,24641970,24419101
917554,2_24651117_T_C,C,T,-0.010380687079397,0.0060545381790086,0.0864314,chr2,24651117,24428248
917556,2_24651865_G_A,A,G,-0.0056510992760883,0.006762130155571,0.403325,chr2,24651865,24428996
917568,2_24654451_G_A,A,G,-0.0016096066987013,0.0081090200080896,0.842657,chr2,24654451,24431582
917579,2_24658162_G_A,A,G,-0.0049801443862942,0.0062498914246568,0.425546,chr2,24658162,24435293
917658,2_24677703_G_A,A,G,0.0090539990011839,0.0065870696211751,0.169283,chr2,24677703,24454834
917697,2_24691842_G_T,T,G,-0.0029280053904216,0.006346575103502,0.644546,chr2,24691842,24468973
917702,2_24692809_C_G,G,C,0.0201258176257048,0.0071942929139131,0.00515046,chr2,24692809,24469940
917716,2_24694258_T_C,C,T,0.0208931793024715,0.0212465182674596,0.325426,chr2,24694258,24471389
917753,2_24702104_A_T,T,A,-0.0001875998044372,0.0063043565731923,0.976261,chr2,24702104,24479235
917860,2_24734268_T_C,C,T,0.0241895560488219,0.006825373112687,0.00039401,chr2,24734268,24511399
918002,2_24773266_A_G,G,A,0.0097290878139782,0.0064687346936349,0.132577,chr2,24773266,24550397
918027,2_24781354_C_G,G,C,-0.0083265561703873,0.0145312263738328,0.566637,chr2,24781354,24558485
918068,2_24799847_A_G,G,A,0.0076425816790612,0.0083284829416442,0.358805,chr2,24799847,24576978
918136,2_24824480_C_CCT,CCT,C,0.0201352222480409,0.0173702897580026,0.246384,chr2,24824480,24601611
918170,2_24839473_C_T,T,C,0.0375959562970908,0.0201830522195984,0.0624976,chr2,24839473,24616604
918241,2_24864521_C_G,G,C,0.0227614830923906,0.009845834676135,0.0207894,chr2,24864521,24641652
918278,2_24873742_A_G,G,A,-0.0176886360972232,0.0237383074413184,0.45618,chr2,24873742,24650873
918291,2_24878211_T_C,C,T,-0.0054902723162444,0.0062920184785849,0.382894,chr2,24878211,24655342
918308,2_24883134_G_A,A,G,-0.0034091730619565,0.0066637103221938,0.608929,chr2,24883134,24660265
918397,2_24916804_T_G,G,T,0.0261501982050962,0.0133118245439009,0.0494798,chr2,24916804,24693935
918413,2_24922385_C_T,T,C,0.0009254459037788,0.0077790802971587,0.905302,chr2,24922385,24699516
918444,2_24934433_G_A,A,G,0.0051262873844907,0.0121893657431891,0.674081,chr2,24934433,24711564
918525,2_24959567_C_T,T,C,0.0186532883686784,0.0100809042958259,0.0642619,chr2,24959567,24736698
918634,2_24998118_CAG_C,C,CAG,0.0058785820066568,0.0084489312882249,0.486568,chr2,24998118,24775249
918707,2_25014089_C_T,T,C,0.0214773105692807,0.0113823799093693,0.059175,chr2,25014089,24791220
918775,2_25029841_T_C,C,T,-0.0043226151627316,0.0183765236752043,0.814034,chr2,25029841,24806972
918778,2_25030301_G_T,T,G,0.0149382320439002,0.0131502194933613,0.25597,chr2,25030301,24807432
918795,2_25035709_C_T,T,C,0.032707688125424,0.0128071082099799,0.0106533,chr2,25035709,24812840
918884,2_25052952_T_C,C,T,-0.0097591744980337,0.0133288971745143,0.464058,chr2,25052952,24830083
918888,2_25053410_C_T,T,C,0.001622743616393,0.0063040843882238,0.796861,chr2,25053410,24830541
918912,2_25056584_T_TA,TA,T,-0.0205235766487741,0.0091194592222142,0.0244156,chr2,25056584,24833715
918939,2_25064079_G_A,A,G,-0.007959183446489,0.0067270799108015,0.236747,chr2,25064079,24841210
919048,2_25097075_G_A,A,G,-0.0245752307008299,0.0101387554487989,0.0153552,chr2,25097075,24874206
919111,2_25111680_T_C,C,T,-0.029954217884816,0.006480106152148,3.79163e-06,chr2,25111680,24888811
919287,2_25143649_C_G,G,C,-0.0343698366279313,0.0062994064768445,4.8686e-08,chr2,25143649,24920780
919644,2_25244377_C_T,T,C,0.029482670894972,0.0164547283437183,0.0731739,chr2,25244377,25021508
919790,2_25304574_A_G,G,A,0.0282261532022493,0.0062730757532668,6.80906e-06,chr2,25304574,25081705
919921,2_25345097_G_A,A,G,0.0051518692724837,0.007227611983212,0.475967,chr2,25345097,25122228
919922,2_25345685_C_A,A,C,-0.0148975100653152,0.0098285716219728,0.129586,chr2,25345685,25122816
919943,2_25350172_G_A,A,G,0.0198460619062905,0.0195439049079262,0.309886,chr2,25350172,25127303
920006,2_25373365_T_C,C,T,-0.0402166367840327,0.0137898723139158,0.00354108,chr2,25373365,25150496
920064,2_25393762_G_A,A,G,0.0289588221106803,0.0148283581144164,0.0508273,chr2,25393762,25170893
920176,2_25432900_C_T,T,C,0.0368863971158348,0.0151989686581515,0.0152284,chr2,25432900,25210031
920271,2_25473547_A_T,T,A,0.0314656837565313,0.0069840267305528,6.62547e-06,chr2,25473547,25250678
920480,2_25563215_G_C,C,G,-0.0143650079731149,0.0237267693829789,0.54489,chr2,25563215,25340346
920570,2_25588969_C_T,T,C,0.0108140932024571,0.0115561198253047,0.349382,chr2,25588969,25366100
920621,2_25602450_A_G,G,A,-0.0094982748900019,0.0067283894042781,0.158047,chr2,25602450,25379581
920754,2_25655391_C_G,G,C,-0.0106866578175589,0.0071735758563746,0.136296,chr2,25655391,25432522
920782,2_25668692_G_A,A,G,-0.0310885910213911,0.0115626073245539,0.0071727,chr2,25668692,25445823
1112697,2_73542190_AG_A,A,AG,-0.0032172976904225,0.0164494681088634,0.844934,chr2,73542190,73315062
1113700,2_73878209_G_C,C,G,-0.0014750146581161,0.0104263185077205,0.887498,chr2,73878209,73651082
1114363,2_74122345_G_A,A,G,-0.0002844310062995,0.0081039149598639,0.972002,chr2,74122345,73895218
1114377,2_74125060_G_C,C,G,0.0070732029135999,0.0082450231255852,0.390961,chr2,74125060,73897933
1114717,2_74202578_T_C,C,T,-0.0007392175988333,0.011088128373839,0.946846,chr2,74202578,73975451
1114731,2_74207354_C_A,A,C,-0.0083511693100475,0.0193160842267437,0.665492,chr2,74207354,73980227
1114755,2_74217283_G_T,T,G,-0.0029278454349552,0.0143523799033944,0.838356,chr2,74217283,73990156
1114763,2_74218679_T_G,G,T,0.0246292496024409,0.0110845135465386,0.0262866,chr2,74218679,73991552
1114805,2_74235926_A_G,G,A,-0.0062700004959733,0.0137026668533262,0.647258,chr2,74235926,74008799
1114810,2_74238437_T_A,A,T,-0.0126749864915458,0.0191623411181184,0.508322,chr2,74238437,74011310
1114818,2_74240376_C_T,T,C,-0.0118706463844282,0.0202016916710886,0.556796,chr2,74240376,74013249
1114866,2_74257885_C_G,G,C,0.0124739761355382,0.0077411857723572,0.107097,chr2,74257885,74030758
1114897,2_74272210_G_A,A,G,0.0292389554009392,0.01370538172222,0.0328926,chr2,74272210,74045083
1114943,2_74291497_T_G,G,T,-0.0020748523327655,0.0103641091103094,0.841327,chr2,74291497,74064370
1114955,2_74294417_A_C,C,A,0.0085734910019711,0.0120586234281809,0.477094,chr2,74294417,74067290
1114977,2_74302288_C_T,T,C,-0.0048895460905595,0.0139673140809935,0.726286,chr2,74302288,74075161
1115032,2_74324997_T_C,C,T,0.0111319552589834,0.0075683717890926,0.141331,chr2,74324997,74097870
1115040,2_74327453_C_T,T,C,0.0036075080433373,0.0072497801169837,0.618764,chr2,74327453,74100326
1115052,2_74334790_A_G,G,A,0.0006886876320183,0.0080336524848353,0.931685,chr2,74334790,74107663
1115054,2_74336274_A_T,T,A,-0.008663803031383,0.006651817551241,0.192755,chr2,74336274,74109147
1115089,2_74343134_G_A,A,G,-0.0095616113922438,0.0215938311331509,0.657915,chr2,74343134,74116007
1115098,2_74344656_G_A,A,G,-0.0018833750580465,0.0084339729607451,0.823296,chr2,74344656,74117529
1115120,2_74346776_T_C,C,T,0.0083412262017261,0.024326002670753,0.731679,chr2,74346776,74119649
1115122,2_74347308_A_C,C,A,-0.0112591846296192,0.0077082553191668,0.144107,chr2,74347308,74120181
1115125,2_74347594_G_C,C,G,-0.0101605840349799,0.0065909700375607,0.123173,chr2,74347594,74120467
1115128,2_74347792_G_C,C,G,0.0239601535364637,0.0159267432696971,0.132479,chr2,74347792,74120665
1115191,2_74358885_A_G,G,A,0.0006780864516311,0.0284253555052369,0.980968,chr2,74358885,74131758
1115205,2_74362090_A_G,G,A,-0.0086446872757087,0.0193808039410458,0.655566,chr2,74362090,74134963
1115210,2_74363374_G_A,A,G,0.0003127381748808,0.0165016847348208,0.984879,chr2,74363374,74136247
1115370,2_74419845_C_T,T,C,-0.011665997781923,0.0168480265673325,0.48867,chr2,74419845,74192718
1115372,2_74420125_G_A,A,G,0.0145660780574076,0.0216978931131892,0.502021,chr2,74420125,74192998
1115384,2_74423125_A_T,T,A,0.0182652921468922,0.0221935988724154,0.410509,chr2,74423125,74195998
1115394,2_74425947_G_T,T,G,-0.0082432533371275,0.0153073775207195,0.590222,chr2,74425947,74198820
1115403,2_74429244_C_T,T,C,0.0103413262792849,0.0254100798262788,0.684025,chr2,74429244,74202117
1115518,2_74480659_C_T,T,C,-0.0069806402217817,0.0122225834775443,0.567914,chr2,74480659,74253532
1115613,2_74515897_T_C,C,T,-0.0028874848178087,0.0084865729162169,0.733675,chr2,74515897,74288770
1115690,2_74555007_A_C,C,A,-0.0023076877392177,0.0242014149397206,0.924034,chr2,74555007,74327880
1115976,2_74733834_C_T,T,C,0.0047090120499299,0.0107726502462881,0.66202,chr2,74733834,74506707
1116036,2_74781577_T_C,C,T,0.0047380854944165,0.0094485681083692,0.616047,chr2,74781577,74554450
1116362,2_74965811_G_A,A,G,0.0035311357927292,0.0090002413504579,0.694809,chr2,74965811,74738684
1116501,2_75000238_C_T,T,C,-0.0095950136511854,0.0160550496292018,0.550085,chr2,75000238,74773111
1116588,2_75020878_G_C,C,G,-0.0349169432362829,0.0202407930185221,0.0845134,chr2,75020878,74793751
1116642,2_75032435_C_T,T,C,0.0039244082867126,0.006541172395587,0.548536,chr2,75032435,74805308
1116965,2_75114839_A_G,G,A,0.0073599171037101,0.0089709912673483,0.411981,chr2,75114839,74887712
1117063,2_75148693_CTT_C,C,CTT,0.003564271808937,0.0062011063304073,0.56544,chr2,75148693,74921566
1117452,2_75276429_C_G,G,C,-0.003318670526304,0.0085111988234786,0.696597,chr2,75276429,75049302
1117610,2_75338843_A_T,T,A,0.0031321827068054,0.0104738243386319,0.764903,chr2,75338843,75111717
1117621,2_75341547_A_G,G,A,0.0036307613321612,0.0100391258121133,0.717605,chr2,75341547,75114421
1197950,2_104715326_G_A,A,G,-0.0132285566665548,0.0100955621958634,0.190083,chr2,104715326,104098868
1198199,2_104787173_C_A,A,C,-0.0130705494756888,0.0123572245495635,0.290181,chr2,104787173,104170715
1198391,2_104855050_G_A,A,G,0.0331482067017131,0.021356775330882,0.120634,chr2,104855050,104238592
1199084,2_105073185_C_T,T,C,0.0082486605541471,0.0164716146128619,0.616526,chr2,105073185,104456727
1199088,2_105075859_G_T,T,G,0.0123388822565164,0.0134195118157787,0.357848,chr2,105075859,104459401
1199290,2_105148418_C_T,T,C,-0.0015382250250467,0.0074395698372644,0.836195,chr2,105148418,104531960
1199481,2_105210762_T_C,C,T,0.0079287621197264,0.0060717353084581,0.191604,chr2,105210762,104594304
1199805,2_105351927_A_G,G,A,0.0098117694275885,0.0067801352482576,0.147859,chr2,105351927,104735469
1199883,2_105372041_T_G,G,T,-0.0093279171356583,0.0067162805939081,0.164878,chr2,105372041,104755583
1199889,2_105374669_C_A,A,C,-0.017304398520498,0.0213950992537328,0.418629,chr2,105374669,104758211
1199932,2_105388252_C_G,G,C,-0.012014502395585,0.0064469125829714,0.0623771,chr2,105388252,104771794
1200057,2_105418292_A_G,G,A,-0.000426770983812,0.006796000569543,0.949928,chr2,105418292,104801834
1200164,2_105466651_C_T,T,C,0.0032990609537658,0.0071733383903638,0.645584,chr2,105466651,104850193
1200171,2_105471497_C_T,T,C,-0.0080540815034473,0.0067319973406598,0.231545,chr2,105471497,104855039
1200215,2_105495727_G_A,A,G,-0.0042286222392677,0.012975048545905,0.744497,chr2,105495727,104879269
1200431,2_105590114_T_C,C,T,-0.0133959863349399,0.0067395761269048,0.0468493,chr2,105590114,104973656
1201125,2_105786209_G_A,A,G,0.0126638469694243,0.0152393243902809,0.405975,chr2,105786209,105169752
1201174,2_105797300_G_C,C,G,-0.0012453407594343,0.0076394973333599,0.870508,chr2,105797300,105180843
1201180,2_105798325_G_A,A,G,0.0163599075505126,0.0277040800433979,0.55484,chr2,105798325,105181868
1201187,2_105799792_T_C,C,T,-0.0004998427095463,0.0064760444737859,0.938478,chr2,105799792,105183335
1201430,2_105864826_T_C,C,T,0.0102213758256529,0.0060034327900486,0.0886451,chr2,105864826,105248369
1201605,2_105915128_G_A,A,G,-0.0002271619809648,0.0088457447669158,0.979512,chr2,105915128,105298671
1202086,2_106035443_C_T,T,C,-0.0020566761190789,0.0078047337237558,0.792153,chr2,106035443,105418986
1202191,2_106055671_C_T,T,C,0.0055151056808674,0.0142476274165077,0.69869,chr2,106055671,105439214
1202543,2_106123630_G_A,A,G,-0.0168997252653081,0.0254315370098834,0.506359,chr2,106123630,105507173
1202558,2_106125343_C_T,T,C,0.0015080688241568,0.0061487197616019,0.806251,chr2,106125343,105508886
1202771,2_106144997_T_TAA,TAA,T,0.008877165257435,0.0062452098546249,0.15519,chr2,106144997,105528540
1202784,2_106145697_C_T,T,C,0.0016173859529372,0.0068245867851614,0.812661,chr2,106145697,105529240
1203195,2_106220023_T_G,G,T,0.019684793135043,0.0092035370288072,0.0324495,chr2,106220023,105603566
1203258,2_106229468_C_T,T,C,0.0027339802625314,0.009710762181478,0.778295,chr2,106229468,105613011
1203854,2_106331505_A_G,G,A,-0.0112203681142631,0.0104136386065055,0.281271,chr2,106331505,105715048
1204459,2_106439542_G_T,T,G,-0.0199110307447431,0.0119262129728217,0.0950147,chr2,106439542,105823086
4574340,6_168660468_C_T,T,C,-0.0069105801594459,0.0072725026620208,0.341993,chr6,168660468,168259788
4574608,6_168711107_G_A,A,G,0.0108006390701682,0.0137053013896959,0.43066,chr6,168711107,168310427
4574618,6_168713787_C_T,T,C,-0.0136901711314167,0.0128990028682141,0.288537,chr6,168713787,168313107
4574731,6_168732706_C_T,T,C,-0.0079295434501471,0.006291384069157,0.207532,chr6,168732706,168332026
4575954,6_168965696_C_T,T,C,0.0162156928745736,0.0104268617330584,0.119902,chr6,168965696,168565016
4576085,6_168987873_A_G,G,A,0.0179635307176196,0.0088708814213358,0.0428674,chr6,168987873,168587193
4578163,6_169310378_G_A,A,G,0.0010444846567541,0.0065068685525628,0.872471,chr6,169310378,168910283
4578332,6_169326327_G_T,T,G,0.0025238846416871,0.008932666400377,0.777525,chr6,169326327,168926232
4579185,6_169468130_G_A,A,G,-0.0082157503340334,0.0109095611529473,0.451403,chr6,169468130,169068035
4579282,6_169490224_G_C,C,G,0.0063952079161992,0.0129706539700394,0.621976,chr6,169490224,169090129
4579598,6_169559872_T_C,C,T,0.0105320607772441,0.0068174140124227,0.122376,chr6,169559872,169159777
4579601,6_169560363_T_C,C,T,-0.0103116130909241,0.0097637437842425,0.290917,chr6,169560363,169160268
4579822,6_169593347_TC_T,T,TC,-0.0052464322940349,0.0114282728931396,0.64618,chr6,169593347,169193252
4579862,6_169599564_G_A,A,G,-0.012028753366616,0.0121292643326811,0.321337,chr6,169599564,169199469
4579867,6_169599944_G_A,A,G,-0.0176482954484341,0.0078050193957274,0.0237502,chr6,169599944,169199849
4579932,6_169613596_T_C,C,T,-0.0001510970441108,0.0094068826109057,0.987185,chr6,169613596,169213501
4579953,6_169616097_C_T,T,C,-0.0503231497970229,0.0126163950023922,6.64334e-05,chr6,169616097,169216002
4580091,6_169633185_C_T,T,C,-0.0069334922056223,0.007939654737415,0.382514,chr6,169633185,169233090
4580127,6_169637763_G_C,C,G,-0.0089072750670879,0.0078165284427759,0.254476,chr6,169637763,169237668
4580128,6_169637847_G_A,A,G,-0.0112486801924939,0.0169171742418242,0.506097,chr6,169637847,169237752
4580148,6_169640529_C_T,T,C,-0.0038731931743134,0.0086462054587107,0.654179,chr6,169640529,169240434
4580155,6_169641382_G_A,A,G,0.0028018941341947,0.0078542548157547,0.72129,chr6,169641382,169241287
4580199,6_169646822_C_T,T,C,0.0019081091587372,0.0083070401752388,0.818327,chr6,169646822,169246727
4580287,6_169665035_A_G,G,A,-0.0076298105739497,0.0071113178699351,0.283311,chr6,169665035,169264940
4580302,6_169667234_A_G,G,A,-0.0066269586903819,0.0065173042737843,0.309237,chr6,169667234,169267139
4580340,6_169682977_A_G,G,A,-0.0103826522787272,0.0081779808356962,0.204232,chr6,169682977,169282882
4580763,6_169782569_G_C,C,G,-0.0026057160089004,0.006478453265059,0.687528,chr6,169782569,169382474
4583712,6_170469157_C_T,T,C,-0.0158859249617267,0.0105688372185483,0.132816,chr6,170469157,170153933
4583759,6_170474630_T_C,C,T,-0.0026379441835842,0.0097560002363732,0.786859,chr6,170474630,170159406
4583896,6_170486515_T_C,C,T,0.0251260534404358,0.0134909710128002,0.0625418,chr6,170486515,170171291
5397093,8_36556553_C_T,T,C,0.0178734969305713,0.0104788144505072,0.0880678,chr8,36556553,36699035
5397220,8_36624795_G_C,C,G,-0.0681228230382779,0.0119405367517773,1.16225e-08,chr8,36624795,36767277
5397249,8_36636809_G_T,T,G,-0.0222811377901205,0.0066415130616983,0.000794142,chr8,36636809,36779291
5397304,8_36658914_C_T,T,C,-0.0637857735126001,0.0082729827932836,1.2569e-14,chr8,36658914,36801396
5397627,8_36801991_G_A,A,G,-0.065118220785327,0.0152074896228856,1.85235e-05,chr8,36801991,36944473
5397706,8_36837650_T_C,C,T,-0.0297529460402781,0.0061032802269114,1.08858e-06,chr8,36837650,36980132
5397736,8_36847115_T_C,C,T,-0.074425046120154,0.0079107292540884,5.05117e-21,chr8,36847115,36989597
5397780,8_36860323_T_C,C,T,-0.0180244105354134,0.0061879733979541,0.00358189,chr8,36860323,37002805
5397831,8_36874431_T_C,C,T,-0.0351582080307497,0.0064037932213535,4.01442e-08,chr8,36874431,37016913
5397832,8_36874934_C_T,T,C,0.0089133472465745,0.0102488568946139,0.384469,chr8,36874934,37017416
5397833,8_36874982_A_C,C,A,0.0150215340519211,0.0064662317161598,0.0201752,chr8,36874982,37017464
5397845,8_36880570_G_A,A,G,0.0104785638555726,0.0061080737815518,0.0862487,chr8,36880570,37023052
5397970,8_36911940_T_C,C,T,-0.0065168111941314,0.0113432051515371,0.565621,chr8,36911940,37054422
5397992,8_36918227_A_C,C,A,-0.0631875493715425,0.0148166751295358,2.00239e-05,chr8,36918227,37060709
5398077,8_36936952_A_G,G,A,0.0027840225792191,0.0102400568613318,0.785718,chr8,36936952,37079434
5398278,8_36994086_C_A,A,C,0.0010148041835028,0.0077761023512515,0.896169,chr8,36994086,37136568
5398316,8_37004569_T_C,C,T,-0.0007356351800605,0.0075880578608198,0.922769,chr8,37004569,37147051
5398338,8_37008891_A_G,G,A,0.0015658227121513,0.0072386425257096,0.828743,chr8,37008891,37151373
5398439,8_37048234_G_T,T,G,0.000750340643055,0.0060980347662549,0.90207,chr8,37048234,37190716
5398447,8_37049958_A_G,G,A,0.0139347256862722,0.0123746957295619,0.260138,chr8,37049958,37192440
5398884,8_37162062_C_T,T,C,-0.0076935958780391,0.0072327726014592,0.287459,chr8,37162062,37304544
5399010,8_37207866_A_G,G,A,-0.0009662098923599,0.0091331068053832,0.915747,chr8,37207866,37350348
5399475,8_37360779_G_A,A,G,-0.0418414718430672,0.0198307198837964,0.0348642,chr8,37360779,37503261
5399562,8_37401183_C_G,G,C,0.0026226547813675,0.0098609189190861,0.790267,chr8,37401183,37543665
5399664,8_37444583_T_G,G,T,0.0046423473719208,0.0134704636540209,0.730371,chr8,37444583,37587065
5399713,8_37469314_T_C,C,T,0.0041961197474832,0.0078834118160508,0.594538,chr8,37469314,37611796
5399943,8_37621941_G_A,A,G,0.0091650526917252,0.0080325049744293,0.253872,chr8,37621941,37764423
5400132,8_37706619_T_A,A,T,-0.0149715704823351,0.0072967168263938,0.0401869,chr8,37706619,37849101
5400175,8_37733834_A_G,G,A,0.0055869444771604,0.015197730030738,0.713159,chr8,37733834,37876316
5400257,8_37799021_A_C,C,A,0.0200252655435645,0.0075993476251487,0.00841052,chr8,37799021,37941503
5400930,8_38147091_T_C,C,T,-0.013222628545536,0.0155958015409433,0.396531,chr8,38147091,38289573
5401120,8_38249201_G_A,A,G,0.0007271150526755,0.0101381164246465,0.942824,chr8,38249201,38391683
5401209,8_38299624_T_C,C,T,0.0066298798819892,0.007224664149246,0.35879,chr8,38299624,38442106
5401238,8_38311001_C_T,T,C,0.0083503303885973,0.006063655791604,0.168478,chr8,38311001,38453483
5401348,8_38344499_T_G,G,T,0.0048329035109595,0.0060867497623701,0.427193,chr8,38344499,38486981
5401447,8_38369493_A_G,G,A,0.0190688258605214,0.0127674302981721,0.135293,chr8,38369493,38511975
5401636,8_38417673_C_T,T,C,-0.0116850523713776,0.0079625866255356,0.142242,chr8,38417673,38560155
5401639,8_38418441_G_A,A,G,0.0059966084223415,0.0115206291338238,0.602708,chr8,38418441,38560923
5401790,8_38448336_C_G,G,C,0.0004955308867783,0.0078800693833028,0.949859,chr8,38448336,38590818
5401820,8_38451294_T_A,A,T,0.0027653500623775,0.0121705844029084,0.820256,chr8,38451294,38593776
5402118,8_38527909_T_C,C,T,-0.0834284853312687,0.0249667188701083,0.000833006,chr8,38527909,38670391
5402183,8_38548441_T_A,A,T,-0.0034225493570588,0.0090990471192542,0.70681,chr8,38548441,38690923
5934672,9_32465650_C_G,G,C,0.0032452961103336,0.0061392767346953,0.597075,chr9,32465650,32465652
5935135,9_32632532_G_A,A,G,-0.0192901747269003,0.022855201101318,0.39866,chr9,32632532,32632534
5935195,9_32671032_T_C,C,T,0.006732345473083,0.0086457128994858,0.436161,chr9,32671032,32671034
5936049,9_32878404_A_T,T,A,0.0484327531864057,0.0226154002036601,0.0322271,chr9,32878404,32878406
5936352,9_32910814_A_G,G,A,0.0023483247040394,0.0102180329325184,0.81823,chr9,32910814,32910816
5937707,9_33211651_T_C,C,T,-0.015942243394433,0.0152641561059277,0.296289,chr9,33211651,33211653
5937987,9_33313325_G_A,A,G,-0.0009229330378282,0.0171528305830524,0.957089,chr9,33313325,33313327
5938078,9_33354070_TTTTTA_T,T,TTTTTA,-0.0068017831832472,0.0069382421322509,0.326922,chr9,33354070,33354072
5938084,9_33355761_G_A,A,G,-0.0050174960040359,0.0107910748970888,0.641955,chr9,33355761,33355763
5938090,9_33359359_G_C,C,G,0.0005532284597896,0.0091744023374045,0.951916,chr9,33359359,33359361
5938100,9_33366788_C_T,T,C,-0.0283684986247719,0.0234127456248527,0.225639,chr9,33366788,33366790
5938133,9_33385241_C_A,A,C,-6.59770898471244e-05,0.0163655485488265,0.996783,chr9,33385241,33385243
5938147,9_33388004_C_A,A,C,-0.0186422406826503,0.0159119798466937,0.241364,chr9,33388004,33388006
5938169,9_33394044_C_T,T,C,0.0004316220275037,0.0073344363648406,0.953073,chr9,33394044,33394046
5938195,9_33399101_GT_G,G,GT,0.0050651726944255,0.0077278368869952,0.512181,chr9,33399101,33399103
5938197,9_33399433_T_A,A,T,8.3495892970838e-05,0.0070163302462058,0.990505,chr9,33399433,33399435
5938282,9_33419063_T_C,C,T,-0.0042588651851131,0.0072097144777759,0.554713,chr9,33419063,33419065
5938301,9_33420448_A_G,G,A,0.0004480870571348,0.0083852949181516,0.957384,chr9,33420448,33420450
5938341,9_33425147_T_G,G,T,0.0118412152061954,0.0068651089615513,0.0845563,chr9,33425147,33425149
5938345,9_33425385_G_A,A,G,0.0012265656722085,0.006480889704069,0.84989,chr9,33425385,33425387
5938360,9_33426138_A_G,G,A,0.0076610690249814,0.0067976927574552,0.259738,chr9,33426138,33426140
5938371,9_33427253_C_A,A,C,0.017363729857143,0.0100459171904527,0.08391,chr9,33427253,33427255
5938376,9_33427977_A_C,C,A,0.0096622854908386,0.0082959665518837,0.244142,chr9,33427977,33427979
5938394,9_33430175_G_C,C,G,-0.044344296921019,0.0278129892564996,0.110852,chr9,33430175,33430177
5938492,9_33451466_T_C,C,T,0.0039744480492438,0.0125656110665589,0.751778,chr9,33451466,33451468
5938696,9_33505087_C_G,G,C,-0.0390571354534991,0.0253988848315946,0.12411,chr9,33505087,33505089
5938826,9_33542662_G_A,A,G,0.0310853292504611,0.0225932973595125,0.168863,chr9,33542662,33542664
5938837,9_33546824_T_C,C,T,-0.0014524192345826,0.0125328212247455,0.90774,chr9,33546824,33546826
5938913,9_33563014_A_G,G,A,-0.0142683305960764,0.0346557563752849,0.680548,chr9,33563014,33563016
5938933,9_33567664_T_G,G,T,0.0244603801649526,0.0199970942532105,0.221255,chr9,33567664,33567666
5939118,9_33595166_C_T,T,C,0.0094094243464729,0.0083208303062157,0.258128,chr9,33595166,33595168
5939458,9_33667252_C_T,T,C,-0.0117129107073549,0.0078137700403183,0.133871,chr9,33667252,33667254
6792843,11_5669465_G_A,A,G,-0.0159477116081291,0.0066044121287526,0.0157479,chr11,5669465,5648235
6793672,11_5784029_G_A,A,G,-0.0068453524119495,0.009926853799926,0.490459,chr11,5784029,5762799
6794230,11_5863306_G_C,C,G,-0.0046305741374026,0.0063060202336063,0.46276,chr11,5863306,5842076
6795046,11_6000314_GC_G,G,GC,0.0222950656544974,0.0076795112831453,0.00369385,chr11,6000314,5979084
6795082,11_6007743_A_G,G,A,0.0057604864924141,0.0078396161251575,0.462466,chr11,6007743,5986513
6795110,11_6015194_G_A,A,G,0.005683898638278,0.0068784567237103,0.408615,chr11,6015194,5993964
6795155,11_6026978_A_G,G,A,0.0013804237939751,0.0065469945886969,0.833006,chr11,6026978,6005748
6795359,11_6063985_A_G,G,A,-0.0021548615075325,0.006235568554478,0.729662,chr11,6063985,6042755
6795404,11_6079001_G_A,A,G,0.0004587862785052,0.0063426987432765,0.942337,chr11,6079001,6057771
6795424,11_6083952_G_A,A,G,9.67938302572218e-05,0.0068076157418979,0.988656,chr11,6083952,6062722
6795875,11_6149047_A_G,G,A,-0.0045526941047485,0.0061209218745133,0.457002,chr11,6149047,6127817
6796021,11_6182482_T_C,C,T,-0.0049633511273043,0.0064571360459099,0.442094,chr11,6182482,6161252
6796178,11_6221249_A_G,G,A,-0.0263604949871819,0.0141041495047041,0.0616244,chr11,6221249,6200019
6796179,11_6221427_T_C,C,T,0.0078965837180984,0.0143081842307082,0.581022,chr11,6221427,6200197
6796403,11_6293210_A_G,G,A,-0.0028479632275296,0.0071692852458968,0.691187,chr11,6293210,6271980
6796541,11_6322006_A_G,G,A,0.008834634158858,0.0080257911521794,0.270992,chr11,6322006,6300776
6796743,11_6367308_G_A,A,G,-0.0039508976302767,0.007803353265071,0.612641,chr11,6367308,6346078
6796832,11_6395690_C_A,A,C,-0.0127937134822187,0.007366915733514,0.0824499,chr11,6395690,6374460
6796838,11_6396554_T_G,G,T,0.0037722135570604,0.0070034258689153,0.590146,chr11,6396554,6375324
6796967,11_6434069_T_C,C,T,-0.0009448388543916,0.008073170777457,0.906833,chr11,6434069,6412839
6796985,11_6438064_C_T,T,C,0.0043779273409939,0.0085985935041709,0.610651,chr11,6438064,6416834
6797069,11_6469582_C_T,T,C,0.0071140694740518,0.0085687350380891,0.406406,chr11,6469582,6448352
6797362,11_6567096_C_T,T,C,-0.0170063260253366,0.013486261127668,0.207305,chr11,6567096,6545866
6797378,11_6572976_T_G,G,T,0.0073505657436607,0.007802762482342,0.346169,chr11,6572976,6551746
6797503,11_6611156_A_C,C,A,-0.0003030918757859,0.0179011531029142,0.986491,chr11,6611156,6589926
6797519,11_6615187_A_T,T,A,-0.004817055395938,0.0060367096620598,0.424893,chr11,6615187,6593957
6797538,11_6624181_T_C,C,T,-0.0078591808354218,0.0092696518342991,0.396527,chr11,6624181,6602951
6797570,11_6628741_A_C,C,A,0.004847534831265,0.0069562384649766,0.485889,chr11,6628741,6607511
6797598,11_6638174_A_G,G,A,-0.0111627941764778,0.0095257793205238,0.241257,chr11,6638174,6616943
6797627,11_6647931_C_T,T,C,0.0032964394094435,0.00623735287625,0.597153,chr11,6647931,6626700
6797655,11_6659307_A_C,C,A,-0.0060745955015581,0.0062623197999207,0.332035,chr11,6659307,6638076
6797665,11_6663206_G_A,A,G,4.51405290686112e-05,0.0106818789498961,0.996628,chr11,6663206,6641975
6797696,11_6671543_C_T,T,C,-0.014875320706003,0.010611816998567,0.160984,chr11,6671543,6650312
6797720,11_6678232_C_A,A,C,-0.0117269788344699,0.0109493767185343,0.284161,chr11,6678232,6657001
6797774,11_6691762_T_C,C,T,0.0106424600905209,0.0079532233588573,0.180854,chr11,6691762,6670531
6797987,11_6734053_A_G,G,A,-0.0063223381984158,0.0060299568919081,0.294414,chr11,6734053,6712822
6798010,11_6738952_G_T,T,G,-0.0090037866158505,0.0066673518867031,0.176878,chr11,6738952,6717721
6798038,11_6744946_G_T,T,G,0.0026847951194681,0.0082046349305048,0.743495,chr11,6744946,6723715
6798264,11_6792295_G_A,A,G,-0.0503650213839879,0.0349159059001535,0.149171,chr11,6792295,6771064
6798416,11_6823649_G_A,A,G,0.020963463193268,0.0213936616911346,0.32714,chr11,6823649,6802418
6798426,11_6827856_T_C,C,T,-0.0067171348961094,0.0166205033612438,0.686104,chr11,6827856,6806625
6798544,11_6853870_A_G,G,A,0.0043744868010718,0.0071644818174133,0.541478,chr11,6853870,6832639
6798899,11_6900345_G_A,A,G,-0.0020560476618749,0.0086482385482651,0.812081,chr11,6900345,6879114
6798913,11_6903870_G_A,A,G,0.0005473035830198,0.0086777994961904,0.949711,chr11,6903870,6882639
6798967,11_6918555_C_T,T,C,0.0021518914382531,0.0076896317503544,0.779598,chr11,6918555,6897324
6798968,11_6918641_T_C,C,T,0.0047047633174632,0.0071755134631178,0.512037,chr11,6918641,6897410
6799014,11_6925675_T_C,C,T,1.1544363056344e-05,0.0076000894839412,0.998788,chr11,6925675,6904444
6799018,11_6926091_G_A,A,G,-0.0067729201693883,0.0064933337903519,0.296922,chr11,6926091,6904860
6799020,11_6926173_G_A,A,G,-0.0404267032101367,0.0354682383612263,0.25437,chr11,6926173,6904942
6799037,11_6927637_G_A,A,G,-0.0001807010705227,0.0165001302646096,0.991262,chr11,6927637,6906406
6799039,11_6927821_G_A,A,G,-0.0141794232410858,0.0143700377028227,0.323772,chr11,6927821,6906590
6799067,11_6930157_C_T,T,C,0.0100051755525177,0.0081743149453337,0.220961,chr11,6930157,6908926
6799117,11_6936552_G_A,A,G,-0.0058541675693854,0.0066277080312357,0.377081,chr11,6936552,6915321
6799129,11_6938437_C_T,T,C,-0.0247783267216856,0.0275908463213815,0.369152,chr11,6938437,6917206
6799138,11_6939319_C_A,A,C,-0.0131587611523302,0.0065923101324958,0.0459255,chr11,6939319,6918088
6799174,11_6944655_C_A,A,C,-0.0087479844261104,0.008345661290718,0.294543,chr11,6944655,6923424
6799198,11_6950169_C_T,T,C,0.0230816473162937,0.0137426201697218,0.0930416,chr11,6950169,6928938
6799207,11_6951734_T_G,G,T,0.0212647664015392,0.0138637951165303,0.12507,chr11,6951734,6930503
6799226,11_6958594_T_C,C,T,0.0085504188351432,0.0066427337131062,0.19803,chr11,6958594,6937363
6799245,11_6963744_A_T,T,A,-0.009597764209821,0.006503800259198,0.14002,chr11,6963744,6942513
6799247,11_6964018_T_C,C,T,-0.0142149082666856,0.014289503434,0.319843,chr11,6964018,6942787
6799250,11_6964926_T_G,G,T,-0.0012824460100334,0.0170741285194023,0.940127,chr11,6964926,6943695
6799258,11_6965384_G_A,A,G,0.0024442156115018,0.0101122633781515,0.809006,chr11,6965384,6944153
6799292,11_6971094_-_CA,CA,C,-0.00652989649972,0.0078455166994431,0.405234,chr11,6971094,6949863
6799330,11_6978448_A_G,G,A,0.002289025426237,0.0068246966172825,0.737321,chr11,6978448,6957217
6799352,11_6985309_A_G,G,A,0.0030376247475254,0.007073120525271,0.667588,chr11,6985309,6964078
6799375,11_6993558_T_G,G,T,-0.0033417939865141,0.0150643353531747,0.824442,chr11,6993558,6972327
6799398,11_6997585_C_A,A,C,0.0032863055988369,0.0072400925312333,0.649898,chr11,6997585,6976354
6799416,11_7001786_A_C,C,A,0.0020391684005805,0.0071518571769965,0.775549,chr11,7001786,6980555
6799441,11_7006089_TA_T,T,TA,-0.0042797591080475,0.0071313870436247,0.54842,chr11,7006089,6984858
6799457,11_7008449_C_T,T,C,-0.0044179843267342,0.0124839232661238,0.723418,chr11,7008449,6987218
6799468,11_7012482_G_A,A,G,0.0005432584706325,0.0065295862844899,0.933693,chr11,7012482,6991251
6799475,11_7016722_T_C,C,T,9.73064486882182e-05,0.0174264085564245,0.995545,chr11,7016722,6995491
6799493,11_7022038_A_G,G,A,-0.0028751041212049,0.0080286141875984,0.720263,chr11,7022038,7000807
6799648,11_7055241_T_C,C,T,-0.001198323828845,0.0079044374579277,0.879501,chr11,7055241,7034010
6799712,11_7068168_C_T,T,C,0.0015550995633839,0.0171154839292294,0.927604,chr11,7068168,7046937
6799717,11_7068826_A_G,G,A,0.000209975096055,0.0125464343743919,0.986647,chr11,7068826,7047595
6799814,11_7089607_G_A,A,G,-0.0087279258757104,0.0163298376263674,0.593011,chr11,7089607,7068376
6799986,11_7127579_A_C,C,A,0.0053311504870885,0.025017153488189,0.831249,chr11,7127579,7106348
6799987,11_7127588_T_C,C,T,-0.0008836209715575,0.0074781049687565,0.90594,chr11,7127588,7106357
6800024,11_7133508_A_G,G,A,-0.0002522014559871,0.0070982407932531,0.971657,chr11,7133508,7112277
6800094,11_7147343_C_T,T,C,0.001436402761427,0.0082373008602011,0.861569,chr11,7147343,7126112
6800112,11_7151297_G_C,C,G,-0.0133939845986703,0.0167631128944577,0.424282,chr11,7151297,7130066
6800136,11_7155069_C_A,A,C,-0.0035798171156694,0.0230327929773834,0.876488,chr11,7155069,7133838
6800144,11_7156050_G_A,A,G,-0.0342766474261081,0.0231077825053042,0.137985,chr11,7156050,7134819
6800223,11_7177174_A_G,G,A,0.0081975844783993,0.0129476502667676,0.526647,chr11,7177174,7155943
6800246,11_7182331_G_A,A,G,0.0031013008441804,0.0064668290769895,0.631533,chr11,7182331,7161100
6800655,11_7295728_C_T,T,C,-0.0015747915682346,0.0082522807037875,0.848658,chr11,7295728,7274497
6801105,11_7405715_T_C,C,T,0.0170734426117465,0.0105642389906657,0.106061,chr11,7405715,7384484
6801180,11_7425233_C_A,A,C,0.0036077840332856,0.0072140381467165,0.617,chr11,7425233,7404002
6801215,11_7436479_T_C,C,T,-0.0092054133826748,0.0084993055516541,0.278774,chr11,7436479,7415248
6801354,11_7456529_G_T,T,G,-0.0033799213417602,0.005989282490022,0.572531,chr11,7456529,7435298
6801468,11_7475152_T_G,G,T,-0.0099874635444555,0.0066628795962751,0.133881,chr11,7475152,7453921
6801591,11_7487016_T_C,C,T,-0.005112726858028,0.0070583351356945,0.468849,chr11,7487016,7465785
6801607,11_7490208_GCCT_G,G,GCCT,-0.004423078160163,0.0102716003845523,0.66675,chr11,7490208,7468977
6801688,11_7505909_A_G,G,A,-0.0033406555893159,0.0068742446572683,0.626991,chr11,7505909,7484678
6801777,11_7521967_A_T,T,A,0.0019879418451911,0.0115910393895083,0.863825,chr11,7521967,7500736
6801914,11_7554274_G_T,T,G,0.0112764682321813,0.0072280477021472,0.118737,chr11,7554274,7533043
6801942,11_7561198_T_C,C,T,-0.0069567962891758,0.0072971127609723,0.340406,chr11,7561198,7539967
6802107,11_7584262_A_G,G,A,-0.004746117368584,0.0162349674428078,0.770027,chr11,7584262,7563031
6802304,11_7627097_A_T,T,A,-0.0068584596713083,0.0110423933059027,0.534532,chr11,7627097,7605866
6802422,11_7654540_G_A,A,G,0.0009321801660652,0.0150317650366249,0.950552,chr11,7654540,7633309
6802734,11_7701295_A_G,G,A,0.0039311415818056,0.0149011863031812,0.791923,chr11,7701295,7680064
6802807,11_7709906_-_AAGT,AAGT,A,0.0003692620078244,0.0088346985182106,0.966661,chr11,7709906,7688675
6803041,11_7751197_A_G,G,A,0.0151894555639092,0.0213791249634258,0.477406,chr11,7751197,7729650
6803975,11_7863715_T_C,C,T,0.009633294253146,0.0069404292506843,0.165138,chr11,7863715,7842168
6804123,11_7884319_C_T,T,C,0.0326858821923281,0.0289346978470825,0.258627,chr11,7884319,7862772
6804263,11_7904238_T_C,C,T,0.0017032153577937,0.0072207534425248,0.813528,chr11,7904238,7882691
7022797,11_68466818_T_C,C,T,0.0041894494725047,0.0081083102588125,0.605375,chr11,68466818,68699350
7022929,11_68523099_C_G,G,C,-0.0306730685380512,0.0136362679104201,0.0244887,chr11,68523099,68755631
7024004,11_68800370_A_G,G,A,0.0065019114082952,0.0066891345188044,0.331045,chr11,68800370,69032902
7024286,11_68860146_A_G,G,A,-0.0002618233448688,0.0113059502979871,0.981524,chr11,68860146,69092678
7024480,11_68903833_T_C,C,T,0.0008627773586673,0.0064121146086853,0.892964,chr11,68903833,69136365
7024589,11_68926067_C_T,T,C,0.0136160406791218,0.0120864618556096,0.259931,chr11,68926067,69158599
7024739,11_68971173_C_T,T,C,-0.0185950618588697,0.0104876255132136,0.0762208,chr11,68971173,69203706
7024855,11_68996782_G_A,A,G,-0.0311561022002055,0.0073738251378115,2.38698e-05,chr11,68996782,69229315
7024937,11_69019405_A_G,G,A,0.0029962544356844,0.0059727902853804,0.615913,chr11,69019405,69251938
7024963,11_69025799_T_G,G,T,0.0186127006990399,0.0064814147847236,0.00408266,chr11,69025799,69258332
7025011,11_69038232_G_C,C,G,0.0013948947327275,0.0061442013413291,0.820403,chr11,69038232,69270765
7025013,11_69039827_T_C,C,T,0.0021445917567721,0.0060525650326842,0.723093,chr11,69039827,69272360
7025016,11_69040668_C_T,T,C,0.0412938995751466,0.0085775367161351,1.47797e-06,chr11,69040668,69273201
7025019,11_69041210_C_T,T,C,-0.0102117386115618,0.0113930652169149,0.370086,chr11,69041210,69273743
7025022,11_69042114_A_G,G,A,0.0012592145581599,0.0078884692382261,0.873175,chr11,69042114,69274647
7025123,11_69071624_G_A,A,G,0.0319680921414306,0.0121730651193123,0.0086361,chr11,69071624,69304157
7025158,11_69077993_T_C,C,T,-0.009374938933343,0.0065111366014255,0.149915,chr11,69077993,69310526
7025171,11_69081998_G_A,A,G,-0.0005729786700762,0.0075219360491593,0.93928,chr11,69081998,69314531
7025190,11_69140328_A_T,T,A,0.0010339523128316,0.0063235345645011,0.870118,chr11,69140328,69325560
7025210,11_69150823_G_A,A,G,0.0017191739278013,0.0074012378215171,0.816319,chr11,69150823,69336055
7025217,11_69152860_C_A,A,C,0.0175764552655859,0.0099093566526111,0.076109,chr11,69152860,69338092
7025263,11_69171983_T_G,G,T,-0.0125176702861064,0.0061093133867949,0.0404671,chr11,69171983,69357215
7025552,11_69245812_A_C,C,A,0.052172733070716,0.0063324478364542,1.73726e-16,chr11,69245812,69431044
7025934,11_69335991_T_C,C,T,-0.0718224981541772,0.0073963648552772,2.71964e-22,chr11,69335991,69521223
7026486,11_69498292_T_C,C,T,-0.0184262795882394,0.0104644005332344,0.0782631,chr11,69498292,69683524
7026563,11_69523877_TGGG_T,T,TGGG,-0.0261673099343753,0.0123228984620221,0.0337145,chr11,69523877,69709109
7026616,11_69532445_A_G,G,A,0.005553294849913,0.0066283493348961,0.402138,chr11,69532445,69717677
7026700,11_69552358_T_C,C,T,-0.0077701627038628,0.0077003535662341,0.312943,chr11,69552358,69737590
7026886,11_69585787_G_A,A,G,0.0188594762847313,0.0081102053496285,0.0200506,chr11,69585787,69771019
7027411,11_69682916_C_T,T,C,0.0118009773331506,0.0062651385087707,0.0596199,chr11,69682916,69868148
7027579,11_69714021_C_T,T,C,-0.0233276762775515,0.0162341941010515,0.150733,chr11,69714021,69899269
7027581,11_69714383_A_C,C,A,-0.0200804828308779,0.0211907425209714,0.34333,chr11,69714383,69899631
7027592,11_69715550_C_T,T,C,0.0011949356704872,0.0088545335035135,0.89265,chr11,69715550,69900791
7027752,11_69813809_A_G,G,A,-0.0195908763724886,0.0158533690614062,0.21655,chr11,69813809,69967703
7027962,11_69840586_G_A,A,G,0.0067733932447307,0.0099756943894906,0.497144,chr11,69840586,69994480
7028094,11_69854026_G_A,A,G,0.008219868164756,0.0100899703436775,0.415268,chr11,69854026,70007920
7028213,11_69867788_G_A,A,G,-0.0269589865999744,0.0121006715430908,0.0258877,chr11,69867788,70021682
7028258,11_69874267_C_T,T,C,0.0114013853043443,0.0071223863445879,0.109425,chr11,69874267,70028161
7028663,11_69946058_C_T,T,C,0.0065196013605821,0.016090604720494,0.685345,chr11,69946058,70099952
7028667,11_69946989_T_C,C,T,-0.0100640859160645,0.007284534406582,0.167104,chr11,69946989,70100883
7029579,11_70183425_T_G,G,T,-0.0013069979895809,0.0281445618715902,0.962961,chr11,70183425,70337319
7029912,11_70300276_A_G,G,A,-0.0041520626360287,0.0065240754898017,0.524502,chr11,70300276,70454171
7030159,11_70395161_C_G,G,C,-0.009377213188021,0.0063161331896692,0.137638,chr11,70395161,70549056
7030536,11_70455599_C_G,G,C,0.0190592490909978,0.0131392882689099,0.146904,chr11,70455599,70609494
7259610,11_129903710_A_C,C,A,-0.0191725745984359,0.0091693827149941,0.036534,chr11,129903710,130033815
7260388,11_130101735_A_C,C,A,-0.0168126188397564,0.0323760557939647,0.603557,chr11,130101735,130231840
7261007,11_130264515_G_A,A,G,0.0073606670607096,0.0065553610949826,0.261503,chr11,130264515,130394620
7261077,11_130283947_GT_G,G,GT,0.010719476145006,0.006941477906282,0.122524,chr11,130283947,130414052
7261331,11_130351640_C_T,T,C,0.0121362407485599,0.0150010181331501,0.418499,chr11,130351640,130481745
7261560,11_130407393_A_G,G,A,-0.0112813084387567,0.0115226432788495,0.327553,chr11,130407393,130537498
7261755,11_130436290_G_T,T,G,0.0085076530603935,0.0069163230004093,0.218666,chr11,130436290,130566395
7262999,11_130704653_G_A,A,G,-0.0011618870671879,0.0077167890499751,0.880318,chr11,130704653,130834758
7263045,11_130716344_T_C,C,T,-0.0033210964232876,0.0075005093449217,0.657923,chr11,130716344,130846449
7263068,11_130719658_C_T,T,C,-0.0008923615827949,0.0069357709874691,0.897626,chr11,130719658,130849763
7263777,11_130901166_A_G,G,A,0.0199309748635493,0.0109949333931446,0.0698717,chr11,130901166,131031271
7264018,11_130940994_G_A,A,G,0.0026591508398143,0.0065814294262877,0.686184,chr11,130940994,131071099
7264755,11_131106301_T_G,G,T,0.0073152783169438,0.0078593687573423,0.351972,chr11,131106301,131236406
7866159,13_36113316_T_C,C,T,0.0304305077281578,0.0164721861077786,0.064691,chr13,36113316,35539179
7866749,13_36253235_G_A,A,G,0.0029339755346716,0.0063433640728537,0.643704,chr13,36253235,35679098
7866764,13_36254861_T_A,A,T,0.0388728432138926,0.0135521327851714,0.00412563,chr13,36254861,35680724
7866778,13_36256890_C_A,A,C,0.0039580683625148,0.0064595342822585,0.540043,chr13,36256890,35682753
7866835,13_36269859_C_G,G,C,-0.0025850972596855,0.0061278924087873,0.673129,chr13,36269859,35695722
7866860,13_36273871_C_T,T,C,-0.0042575250194745,0.006442531774318,0.508711,chr13,36273871,35699734
7866864,13_36274450_G_A,A,G,0.0112082631079747,0.0060823033320755,0.0653632,chr13,36274450,35700313
8838485,16_3890293_A_G,G,A,-0.0056628044340828,0.0071735082881363,0.429875,chr16,3890293,3840292
8839995,16_4227505_G_T,T,G,-0.0011437584262393,0.0140787236234731,0.935251,chr16,4227505,4177504
8840275,16_4270985_C_CA,CA,C,0.024944088420998,0.0233424967183537,0.285244,chr16,4270985,4220984
8840669,16_4390292_G_A,A,G,0.0636739664552179,0.0276750613991196,0.0214046,chr16,4390292,4340291
8840901,16_4469052_C_T,T,C,0.0032743149109757,0.0210719305276224,0.876516,chr16,4469052,4419051
8840967,16_4487228_T_C,C,T,-0.0100078482861574,0.0221510003879586,0.651412,chr16,4487228,4437227
8841126,16_4530763_C_G,G,C,0.075970714654542,0.0276596345146672,0.00602115,chr16,4530763,4480762
8841248,16_4573938_A_G,G,A,-0.0059022158591747,0.0074456409310362,0.427948,chr16,4573938,4523937
8841335,16_4599889_C_G,G,C,0.0400336809530515,0.0181905038826719,0.0277501,chr16,4599889,4549888
8841384,16_4614062_C_T,T,C,0.0108021629584831,0.023889906849261,0.651151,chr16,4614062,4564061
8841652,16_4687239_C_T,T,C,0.0111732967708222,0.0133346594312261,0.402079,chr16,4687239,4637238
8841672,16_4692091_A_G,G,A,0.0016460387021455,0.0080360532466316,0.837704,chr16,4692091,4642090
8841675,16_4692981_C_CAG,CAG,C,-0.0031761928637937,0.0073488225632351,0.665593,chr16,4692981,4642980
8841703,16_4698901_C_G,G,C,0.0368416125019564,0.0214795376691092,0.0863093,chr16,4698901,4648900
8841743,16_4707020_T_C,C,T,-0.0068775508733965,0.0188139503396843,0.714696,chr16,4707020,4657019
8841877,16_4725863_C_T,T,C,-0.0007123376070148,0.006151549368178,0.907813,chr16,4725863,4675862
8841885,16_4726976_C_T,T,C,0.00516213731884,0.0201859020364699,0.798159,chr16,4726976,4676975
8841921,16_4734513_C_T,T,C,-0.0006846044642403,0.0061854291864458,0.91187,chr16,4734513,4684512
8842048,16_4764761_G_A,A,G,-0.0064962614158707,0.0101424225753886,0.521845,chr16,4764761,4714760
8842124,16_4781191_G_A,A,G,-0.0013513423249319,0.0063300984655936,0.830953,chr16,4781191,4731190
8842146,16_4787226_G_A,A,G,0.0076478731247679,0.0228026164796738,0.737327,chr16,4787226,4737225
8842197,16_4796399_C_T,T,C,0.0361531687978279,0.0138670861009018,0.00913071,chr16,4796399,4746398
8842217,16_4801366_C_G,G,C,-0.0031663474124167,0.0065623735471052,0.629451,chr16,4801366,4751365
8842220,16_4801842_G_A,A,G,-0.0047222128011331,0.006420530195925,0.462043,chr16,4801842,4751841
8842233,16_4805840_G_A,A,G,0.0331141873906618,0.0261151911324559,0.204796,chr16,4805840,4755839
8842250,16_4809334_C_T,T,C,-0.0172361768409863,0.0109919752457091,0.116865,chr16,4809334,4759333
8842284,16_4814655_C_T,T,C,0.0111845074711531,0.007395214253171,0.130433,chr16,4814655,4764654
8842288,16_4814893_G_A,A,G,0.0117979063874496,0.0072486288754041,0.103609,chr16,4814893,4764892
8842289,16_4814960_T_A,A,T,0.0152065985032057,0.00967332821004,0.115948,chr16,4814960,4764959
8842354,16_4827783_G_A,A,G,0.0411410561347411,0.0231386974594128,0.0754006,chr16,4827783,4777782
8842391,16_4835230_T_C,C,T,-0.0079460754958005,0.0067658470299942,0.240219,chr16,4835230,4785229
8842395,16_4836155_G_GT,GT,G,-0.0114271188429188,0.006761668891681,0.0910308,chr16,4836155,4786154
8842398,16_4837545_A_G,G,A,-0.0057194031188339,0.0072785080561923,0.431989,chr16,4837545,4787544
8842404,16_4838617_T_C,C,T,-0.0081234128720126,0.0067591769645133,0.229428,chr16,4838617,4788616
8842418,16_4844729_G_T,T,G,-0.0027527015233329,0.0188976997227576,0.884187,chr16,4844729,4794728
8842464,16_4859591_T_C,C,T,-0.0122070259713132,0.0065915809584906,0.0640385,chr16,4859591,4809590
8842496,16_4865994_TCTC_T,T,TCTC,-0.0014884612732514,0.0202205875206826,0.94132,chr16,4865994,4815993
8842503,16_4867124_C_G,G,C,-0.0113074161138086,0.0067248357348246,0.0926772,chr16,4867124,4817123
8842646,16_4901688_G_C,C,G,-0.0023824562706833,0.0074176044455773,0.748067,chr16,4901688,4851687
8842688,16_4909411_G_A,A,G,0.0074679790325328,0.027314383651388,0.784539,chr16,4909411,4859410
8842737,16_4920335_A_G,G,A,0.0334806169701203,0.017621519403379,0.0574351,chr16,4920335,4870334
8842922,16_4964243_A_G,G,A,-0.016069336214887,0.0121951466685066,0.18761,chr16,4964243,4914242
8842926,16_4965930_C_G,G,C,-0.0151422169532874,0.0101739759362814,0.136664,chr16,4965930,4915929
8842945,16_4969561_C_T,T,C,-0.0352712750963659,0.0125251663579158,0.00486208,chr16,4969561,4919560
8842980,16_4976712_G_A,A,G,0.0146828860906006,0.0159525058057607,0.357357,chr16,4976712,4926711
8843034,16_4989215_C_T,T,C,0.0119758466055803,0.0069934732161774,0.0868171,chr16,4989215,4939214
8843082,16_4997689_A_G,G,A,0.0095766761508907,0.0073605402455807,0.19323,chr16,4997689,4947688
8843256,16_5018245_A_G,G,A,0.0134660909464891,0.0208935992941677,0.519246,chr16,5018245,4968244
8843434,16_5052214_C_T,T,C,0.0188952705773809,0.0238341917973813,0.427906,chr16,5052214,5002213
8843554,16_5080558_C_A,A,C,0.0243922130581267,0.0310264015548906,0.431764,chr16,5080558,5030557
8843935,16_5156429_G_A,A,G,0.0055583158052653,0.009490068525753,0.558078,chr16,5156429,5106428
8844761,16_5283491_T_G,G,T,0.0005473538031143,0.006743337771194,0.935307,chr16,5283491,5233490
8844893,16_5308292_G_A,A,G,0.0331570376446617,0.023709218356051,0.161967,chr16,5308292,5258291
8845130,16_5349092_C_A,A,C,0.0031535376297488,0.0067347122255628,0.639605,chr16,5349092,5299091
8845147,16_5353078_G_T,T,G,0.0185245131003519,0.0244804692022121,0.449226,chr16,5353078,5303077
8845430,16_5415620_A_G,G,A,-0.0135421524930173,0.0115864218719748,0.242486,chr16,5415620,5365619
8845482,16_5425411_G_A,A,G,-0.0059157024133118,0.0076517217647927,0.439451,chr16,5425411,5375410
9926497,19_48198675_A_G,G,A,0.0084521913798973,0.0068587869952044,0.217831,chr19,48198675,47695418
9926523,19_48206092_T_G,G,T,0.0084857406694271,0.0070542549126119,0.229005,chr19,48206092,47702835
9926639,19_48228694_T_C,C,T,0.004017703500308,0.0064336249949388,0.532309,chr19,48228694,47725437
9926672,19_48236665_T_C,C,T,0.0012276311839051,0.0158361231825613,0.938209,chr19,48236665,47733408
9926689,19_48241230_T_C,C,T,-0.0011287001859536,0.0066718161092665,0.86566,chr19,48241230,47737973
9926842,19_48265232_C_A,A,C,0.0025388684353351,0.0128654656837574,0.843562,chr19,48265232,47761975
9927137,19_48317892_A_C,C,A,0.000529878749316,0.006703840545885,0.937,chr19,48317892,47814635
9927153,19_48319485_A_G,G,A,0.0009787016532228,0.0068728025530037,0.886762,chr19,48319485,47816228
9927314,19_48338835_A_G,G,A,-0.0113631819390756,0.0068219832364682,0.0957789,chr19,48338835,47835578
9927456,19_48356124_T_C,C,T,-0.007262861115084,0.0096929704195614,0.453681,chr19,48356124,47852867
9927635,19_48388343_C_T,T,C,-0.0029272964202136,0.009784939558207,0.764815,chr19,48388343,47885086
9927683,19_48397015_G_A,A,G,0.0011691804004024,0.0089078097203767,0.895575,chr19,48397015,47893758
9927716,19_48401688_G_A,A,G,-0.013961151495761,0.0090543292888419,0.12309,chr19,48401688,47898431
9927834,19_48468770_A_G,G,A,0.00018875270777,0.0067344433001022,0.97764,chr19,48468770,47965513
9927860,19_48472211_A_G,G,A,-0.0040956512827134,0.0117711172772417,0.727885,chr19,48472211,47968954
9927953,19_48486840_T_G,G,T,-0.0041441591731489,0.0064070699953895,0.517755,chr19,48486840,47983583
9928242,19_48524294_G_T,T,G,-0.0097059567368941,0.0064627513029456,0.133141,chr19,48524294,48021037
9928540,19_48565483_G_A,A,G,-0.011092299794579,0.0240223445016325,0.644261,chr19,48565483,48062226
9928670,19_48589146_A_G,G,A,-0.0310208404859119,0.0137133013227837,0.0236913,chr19,48589146,48085889
9928780,19_48602789_A_G,G,A,0.0442695933434422,0.0332278382178882,0.18276,chr19,48602789,48099532
9929087,19_48659691_G_A,A,G,-0.027129956862491,0.0099694953208496,0.00650263,chr19,48659691,48156434
9929304,19_48701635_C_T,T,C,0.0396755877214299,0.0365905279553059,0.278226,chr19,48701635,48198378
9929488,19_48736758_T_C,C,T,-0.009508671503469,0.0113198780541725,0.40091,chr19,48736758,48233501
9929522,19_48744345_T_C,C,T,0.0024662950292909,0.0066939017161795,0.712546,chr19,48744345,48241088
9929883,19_48794202_C_T,T,C,-0.0041188789782015,0.0145318297547674,0.776841,chr19,48794202,48290945
9929884,19_48794246_A_T,T,A,0.0053578044847768,0.0078119948755955,0.492812,chr19,48794246,48290989
9929969,19_48810928_C_T,T,C,0.0051220956403733,0.0072917448057141,0.482398,chr19,48810928,48307671
9930068,19_48833728_G_A,A,G,-0.0025116692211156,0.0120271251058672,0.834578,chr19,48833728,48330471
9930278,19_48889947_C_T,T,C,-0.0225072125800469,0.0227148156220593,0.321754,chr19,48889947,48386690
9930403,19_48926606_G_C,C,G,0.0373457336685638,0.0246044085265301,0.129053,chr19,48926606,48423349
9930413,19_48928706_T_C,C,T,-0.0098153871239003,0.0085129937330283,0.248915,chr19,48928706,48425449
9930709,19_49023268_G_A,A,G,0.0236944520672539,0.0132542034336971,0.0738255,chr19,49023268,48520011
9930824,19_49051636_G_A,A,G,-0.0152810388977448,0.0115703009817496,0.186597,chr19,49051636,48548379
9930853,19_49059737_C_G,G,C,-0.0209425392294981,0.0189087700800505,0.268053,chr19,49059737,48556480
9930863,19_49061315_C_A,A,C,0.0121214249413906,0.007474989982585,0.10489,chr19,49061315,48558058
9930946,19_49070964_C_T,T,C,0.0165097075594095,0.009180468195683,0.0721213,chr19,49070964,48567707
9930981,19_49072929_G_T,T,G,0.0025229382659537,0.0064270883024189,0.694654,chr19,49072929,48569672
9931076,19_49083323_A_G,G,A,0.0185509757725959,0.0107807357025196,0.0852958,chr19,49083323,48580066
9931083,19_49084596_T_C,C,T,0.0068286187610829,0.0111977695839028,0.541981,chr19,49084596,48581339
9931148,19_49092491_T_C,C,T,-0.0091384397705328,0.0117571197663647,0.437,chr19,49092491,48589234
9931151,19_49092627_A_T,T,A,-0.0183699016156141,0.0087015792028531,0.0347637,chr19,49092627,48589370
9931153,19_49093393_C_T,T,C,0.0089027308219899,0.0088083052706127,0.31215,chr19,49093393,48590136
9931164,19_49095463_G_C,C,G,-0.0082954497359963,0.00758312790736,0.273983,chr19,49095463,48592206
9931172,19_49096292_G_A,A,G,0.0050013988368924,0.0070594086537598,0.478652,chr19,49096292,48593035
9931176,19_49097126_G_A,A,G,-0.0121111523081764,0.0090785607631092,0.182191,chr19,49097126,48593869
9931179,19_49097663_C_T,T,C,-0.0213059239309891,0.0088451873140623,0.0160069,chr19,49097663,48594406
9931183,19_49098356_A_G,G,A,-0.005718679993853,0.007609514110228,0.452342,chr19,49098356,48595099
9931187,19_49098750_A_G,G,A,0.0094107516771297,0.0065986928327309,0.153824,chr19,49098750,48595493
9931224,19_49104008_A_G,G,A,0.0025872931746366,0.0100938968679308,0.797702,chr19,49104008,48600751
9931248,19_49112299_G_A,A,G,-0.0063677444816975,0.0122984637702153,0.604621,chr19,49112299,48609042
9931255,19_49114236_T_G,G,T,-0.0148103480631469,0.0062556267981017,0.0179075,chr19,49114236,48610979
9931267,19_49115774_T_G,G,T,-0.0224934762680569,0.0111374438315341,0.0434221,chr19,49115774,48612517
9931274,19_49116555_A_G,G,A,-0.0157339064541621,0.0072068069802655,0.029021,chr19,49116555,48613298
9931284,19_49120774_T_G,G,T,-0.0186657267125997,0.0070302433867155,0.0079294,chr19,49120774,48617517
9931290,19_49124988_A_G,G,A,-0.0425489850113411,0.0319032533613029,0.182306,chr19,49124988,48621731
9931330,19_49139840_A_AGGAG,AGGAG,A,-0.0120520153155923,0.0124814638019249,0.334248,chr19,49139840,48636583
9931332,19_49140809_A_C,C,A,0.0154738939024108,0.0076537613807494,0.0432035,chr19,49140809,48637552
9931362,19_49152680_G_A,A,G,-0.0186150589887773,0.0176678972516964,0.292062,chr19,49152680,48649423
9931365,19_49152955_G_A,A,G,-0.0059547004263401,0.0065858926867908,0.365911,chr19,49152955,48649698
9931373,19_49155012_T_C,C,T,-0.0120303845676056,0.009909707798103,0.224748,chr19,49155012,48651755
9931384,19_49157489_C_T,T,C,-0.0111430504463602,0.0088034812029106,0.205601,chr19,49157489,48654232
9931395,19_49162498_G_C,C,G,0.0112800842948527,0.0073647014509923,0.125611,chr19,49162498,48659241
9931398,19_49164219_G_A,A,G,-0.0186364545828781,0.0087591242195351,0.0333651,chr19,49164219,48660962
9931399,19_49164740_T_C,C,T,0.0177356503324737,0.0073669460586747,0.0160638,chr19,49164740,48661483
9931402,19_49166546_C_G,G,C,-0.0244607490430521,0.0203303278974831,0.228912,chr19,49166546,48663289
9931412,19_49168193_G_A,A,G,8.33882122695786e-05,0.016951110195082,0.996075,chr19,49168193,48664936
9931417,19_49168942_G_A,A,G,0.0185386447800137,0.0062782404701669,0.00314864,chr19,49168942,48665685
9931443,19_49178048_T_G,G,T,-0.0237019428985141,0.0086337870906201,0.0060464,chr19,49178048,48674791
9931445,19_49178752_C_T,T,C,0.0039635381562724,0.0105686013162084,0.707638,chr19,49178752,48675495
9931460,19_49186168_A_G,G,A,0.016396295866154,0.0078174309378377,0.035958,chr19,49186168,48682911
9931470,19_49187635_G_A,A,G,0.0063634102446425,0.0139379671375738,0.647993,chr19,49187635,48684378
9931483,19_49189529_T_C,C,T,-0.0108215117224409,0.0100136105755276,0.279839,chr19,49189529,48686272
9931490,19_49190988_C_T,T,C,0.013338865312649,0.0184085029494627,0.468695,chr19,49190988,48687731
9931494,19_49192734_C_T,T,C,-0.0126216736892576,0.010165327720738,0.21437,chr19,49192734,48689477
9931502,19_49196275_A_G,G,A,0.0049115464137488,0.0264689029791251,0.852791,chr19,49196275,48693018
9931504,19_49199804_G_C,C,G,0.0165556428495143,0.0116677569592462,0.155922,chr19,49199804,48696547
9931514,19_49203790_G_A,A,G,-0.012754203399557,0.0092771014272308,0.169192,chr19,49203790,48700533
9931523,19_49206005_C_G,G,C,-0.0003573715530757,0.0123668085777332,0.976946,chr19,49206005,48702748
9931530,19_49206603_C_T,T,C,-0.0124005428289359,0.0061690079769983,0.0444168,chr19,49206603,48703346
9931565,19_49212038_C_T,T,C,-0.0285752244147002,0.0173544108838914,0.0996468,chr19,49212038,48708781
9931569,19_49213604_T_C,C,T,-0.0023226042017343,0.0156713231007596,0.882179,chr19,49213604,48710347
9931574,19_49214133_C_T,T,C,-0.0161090682842658,0.0133689542542337,0.228218,chr19,49214133,48710876
9931581,19_49215302_C_T,T,C,0.0159252893614794,0.0092694615229337,0.0857896,chr19,49215302,48712045
9931601,19_49220370_A_C,C,A,0.029002460046487,0.0128888707753114,0.0244366,chr19,49220370,48717113
9931609,19_49221672_T_A,A,T,0.0134272546670505,0.0064317986591818,0.0368307,chr19,49221672,48718415
9931614,19_49223570_G_A,A,G,0.0079478071235889,0.0062368071387671,0.202543,chr19,49223570,48720313
9931631,19_49229323_G_A,A,G,0.0128926380600004,0.0061267794845998,0.0353515,chr19,49229323,48726066
9931638,19_49233335_G_A,A,G,-0.0144077207705946,0.0069179773508352,0.0372832,chr19,49233335,48730078
9931643,19_49234624_G_C,C,G,0.010919260364581,0.0106397388904655,0.304764,chr19,49234624,48731367
9931673,19_49246378_G_A,A,G,-0.002354252188188,0.0110569253500167,0.831389,chr19,49246378,48743121
9931715,19_49252237_C_T,T,C,-0.0071418550542753,0.0080947032708574,0.377621,chr19,49252237,48748980
9931727,19_49254573_T_A,A,T,-0.0032390854137263,0.0068677803089427,0.637187,chr19,49254573,48751316
9931728,19_49254955_C_T,T,C,-0.0125225354630851,0.0064103927431064,0.0507635,chr19,49254955,48751698
9931734,19_49257739_A_C,C,A,-0.0015576537358714,0.0073690274356367,0.832592,chr19,49257739,48754482
9931736,19_49259321_C_G,G,C,-0.040105871719552,0.0149916073273519,0.00746799,chr19,49259321,48756064
9931742,19_49259973_T_G,G,T,-0.0173552169659193,0.0080808265667267,0.0317373,chr19,49259973,48756716
9931743,19_49260101_C_T,T,C,0.0196308689842215,0.0106864737689933,0.0662124,chr19,49260101,48756844
9931761,19_49262113_T_C,C,T,-0.0012169377851334,0.006864554317267,0.85929,chr19,49262113,48758856
9931802,19_49270738_A_G,G,A,-0.0057689297615855,0.007618194576645,0.448896,chr19,49270738,48767481
9931811,19_49272461_C_A,A,C,-0.019253596684516,0.0136068148375693,0.157069,chr19,49272461,48769204
9931815,19_49273154_A_G,G,A,-0.0015563459908802,0.014738640852636,0.915903,chr19,49273154,48769897
9931816,19_49273213_T_C,C,T,-0.0058572689300602,0.0079468213844413,0.461087,chr19,49273213,48769956
9931831,19_49277558_C_CTTTG,CTTTG,C,0.0097601196889088,0.009735837028076,0.316105,chr19,49277558,48774301
9931838,19_49279227_G_A,A,G,-0.0116445505239363,0.0124556867485192,0.349851,chr19,49279227,48775970
9931839,19_49279612_C_T,T,C,0.0143639014725795,0.0082228208654566,0.0806662,chr19,49279612,48776355
9931852,19_49283494_T_C,C,T,-0.0341742388780164,0.0129211885367148,0.0081734,chr19,49283494,48780237
9931874,19_49287170_A_T,T,A,-0.0026337232592476,0.0076502709558626,0.730647,chr19,49287170,48783913
9931883,19_49288662_G_C,C,G,-0.0023635164433748,0.0076181819739111,0.756373,chr19,49288662,48785405
9931905,19_49292190_G_GGCGC,GGCGC,G,0.002283410998165,0.0101253499119351,0.821579,chr19,49292190,48788933
9931912,19_49292646_T_C,C,T,-0.0005515152796317,0.0068556444887005,0.935882,chr19,49292646,48789389
9931959,19_49298313_C_T,T,C,0.0058415148191686,0.0134174668588425,0.663296,chr19,49298313,48795056
9931966,19_49300893_C_T,T,C,-0.0024761458964792,0.0138646417799037,0.858256,chr19,49300893,48797636
9932001,19_49311530_C_G,G,C,0.0032955749104712,0.0073556575954433,0.65413,chr19,49311530,48808273
9932076,19_49328961_T_C,C,T,0.0104971268534595,0.0089860012160313,0.24274,chr19,49328961,48825704
9932223,19_49354381_A_G,G,A,0.014118427889469,0.0083731259517187,0.091765,chr19,49354381,48851124
9932271,19_49361771_C_T,T,C,0.0031580533301649,0.0100815201868,0.754089,chr19,49361771,48858514
9932279,19_49364451_A_T,T,A,-0.0078831319316517,0.0096175220724039,0.412408,chr19,49364451,48861194
9932384,19_49385154_A_G,G,A,0.0056522437526125,0.0099221687943171,0.56891,chr19,49385154,48881897
9932388,19_49386798_T_C,C,T,-0.0035712062195946,0.0063878455349092,0.576119,chr19,49386798,48883541
9932414,19_49393199_G_A,A,G,-0.02559832994885,0.010461981285933,0.0144133,chr19,49393199,48889942
9932546,19_49413259_T_C,C,T,-0.0184687827306585,0.0077871010873468,0.0177058,chr19,49413259,48910002
9932776,19_49460723_A_G,G,A,-0.0086991330056275,0.0104457461861391,0.404962,chr19,49460723,48957466
9932816,19_49470200_G_A,A,G,0.0185893334288882,0.0110984740047697,0.093945,chr19,49470200,48966943
9932954,19_49515979_C_T,T,C,0.0120823271774419,0.0064639629535422,0.0615974,chr19,49515979,49012722
9933054,19_49529804_C_T,T,C,-0.0083827900908423,0.0104445739249056,0.422207,chr19,49529804,49026547
9933239,19_49555699_C_A,A,C,-0.0029474036734068,0.0074478148195842,0.692296,chr19,49555699,49052442
9933577,19_49629846_G_A,A,G,0.012846480188145,0.0061679769314248,0.0372722,chr19,49629846,49126589
9933602,19_49636633_G_C,C,G,0.0096112632221919,0.0078396024403169,0.220203,chr19,49636633,49133376
9933732,19_49663476_T_G,G,T,0.0062936996918511,0.0069431329912582,0.36469,chr19,49663476,49160219
9934010,19_49716947_A_G,G,A,-0.0503247495795249,0.0292232361424214,0.085055,chr19,49716947,49213690
9934420,19_49804037_G_T,T,G,0.0160382825754455,0.0311968775616854,0.607183,chr19,49804037,49300780
9934832,19_49925208_A_C,C,A,0.0162356934262764,0.0066067792667945,0.0139935,chr19,49925208,49421951
9934869,19_49942568_C_G,G,C,0.01672624156195,0.0064639684242899,0.00966438,chr19,49942568,49439311
9934877,19_49944953_T_C,C,T,0.0079944018991177,0.0064623284883815,0.216058,chr19,49944953,49441696
9934983,19_49965538_G_T,T,G,0.009240054455447,0.0082696100188766,0.263844,chr19,49965538,49462281
9935013,19_49970793_A_G,G,A,-0.0108118438673901,0.007941045299713,0.173351,chr19,49970793,49467536
9935366,19_50055156_A_G,G,A,0.0051546919188591,0.0075650485095352,0.495629,chr19,50055156,49551899
9935678,19_50148261_C_A,A,C,-0.0012728226940476,0.0093474994905922,0.891689,chr19,50148261,49645004
10148369,20_47943313_T_C,C,T,0.0038953999995404,0.0094243179513465,0.679361,chr20,47943313,49326776
10148471,20_47969419_T_C,C,T,-0.0116016763413884,0.0118638224929499,0.328122,chr20,47969419,49352882
10148544,20_47997281_G_A,A,G,0.0007383814320696,0.0083220789081817,0.9293,chr20,47997281,49380744
10148773,20_48043736_C_A,A,C,0.0163012481887435,0.0123529286792658,0.18696,chr20,48043736,49427199
10149215,20_48177974_G_T,T,G,-0.0179725960050467,0.0078713236087571,0.0224127,chr20,48177974,49561437
10149548,20_48283633_A_G,G,A,0.006654399757803,0.0097185242229512,0.493525,chr20,48283633,49667096
10149581,20_48292117_C_T,T,C,0.0005382347668155,0.0084109483273257,0.948976,chr20,48292117,49675580
10150047,20_48413539_A_G,G,A,-0.0034152706868282,0.007399066156163,0.644382,chr20,48413539,49797002
10150056,20_48415763_G_A,A,G,0.0089553138928462,0.0128206231110855,0.484859,chr20,48415763,49799226
10150369,20_48488448_A_G,G,A,-0.0358844754356539,0.0551284544537285,0.515095,chr20,48488448,49871911
10150427,20_48504117_C_G,G,C,-0.0050429320839962,0.0115674862063688,0.662868,chr20,48504117,49887580
10151029,20_48640310_A_G,G,A,-0.0015159648773944,0.0060586105130823,0.80242,chr20,48640310,50023773
10151047,20_48645798_G_A,A,G,0.0471276693181218,0.0211870412298904,0.026124,chr20,48645798,50029261
10151109,20_48668925_C_A,A,C,-0.0103401270838469,0.0123317120333122,0.401751,chr20,48668925,50052388
10151175,20_48687955_G_C,C,G,-0.0026223079651698,0.0106238285614923,0.805038,chr20,48687955,50071418
10151304,20_48734019_A_G,G,A,-0.012579837646517,0.0073000758396422,0.0848438,chr20,48734019,50117482
10151330,20_48744862_G_A,A,G,0.0568603360127755,0.0185520908411274,0.00217742,chr20,48744862,50128325
10151341,20_48751062_C_T,T,C,0.0125336552246332,0.0067121112732441,0.061857,chr20,48751062,50134525
10151504,20_48789373_A_G,G,A,-0.006394099107011,0.0064714406172712,0.323129,chr20,48789373,50172836
10151510,20_48790365_G_T,T,G,0.0627694217911348,0.019663578327352,0.0014121,chr20,48790365,50173828
10151536,20_48796131_G_A,A,G,-0.0048488666106692,0.006685820668407,0.468301,chr20,48796131,50179594
10151540,20_48797205_T_A,A,T,-0.0071200436586397,0.0074029776085151,0.33616,chr20,48797205,50180668
10151593,20_48819241_C_T,T,C,-0.0136640605267287,0.0099908374443618,0.171419,chr20,48819241,50202704
10151602,20_48821960_G_A,A,G,-0.0094932268678818,0.0074333859275384,0.201565,chr20,48821960,50205423
10151646,20_48837547_C_A,A,C,-0.010223983004226,0.0073842536409266,0.166185,chr20,48837547,50221010
10151654,20_48839205_T_C,C,T,0.0176241014013719,0.015700956844246,0.261656,chr20,48839205,50222668
10151727,20_48863091_T_C,C,T,0.0207557213334644,0.0080373863012371,0.00981167,chr20,48863091,50246554
10151776,20_48876402_T_G,G,T,0.0102321186298291,0.0087378911214744,0.241597,chr20,48876402,50259865
10151782,20_48878859_G_A,A,G,0.0080324982782823,0.0235725390463911,0.733287,chr20,48878859,50262322
10151798,20_48883934_A_G,G,A,-0.0628450578519418,0.0264871656631002,0.0176605,chr20,48883934,50267397
10151801,20_48884124_C_A,A,C,0.0228601957448068,0.0075432062124269,0.00244095,chr20,48884124,50267587
10151803,20_48884195_A_G,G,A,0.034210785912755,0.0167120768577527,0.0406512,chr20,48884195,50267658
10151804,20_48884531_T_C,C,T,-0.0108513399230465,0.006369427120013,0.0884446,chr20,48884531,50267994
10151811,20_48887093_T_C,C,T,0.022192795132936,0.0061435723230852,0.000303423,chr20,48887093,50270556
10151826,20_48892508_A_C,C,A,0.00978366065986,0.0072592123601664,0.177736,chr20,48892508,50275971
10151831,20_48893082_G_A,A,G,-0.0043706308554897,0.0140896037581863,0.756407,chr20,48893082,50276545
10151833,20_48894424_A_C,C,A,-0.0250351296466617,0.0067949571580334,0.00022927,chr20,48894424,50277887
10151840,20_48895478_GA_G,G,GA,0.0099018078964624,0.0067675690452706,0.143433,chr20,48895478,50278941
10151850,20_48897204_C_T,T,C,0.0245436029725693,0.0094293872764816,0.00924432,chr20,48897204,50280667
10151881,20_48905114_T_C,C,T,0.0123612323291513,0.0066429994989315,0.0627737,chr20,48905114,50288577
10151884,20_48905978_A_G,G,A,0.0200313664003318,0.0061888533694652,0.00120927,chr20,48905978,50289441
10151888,20_48906199_C_T,T,C,-0.0125149068279352,0.0062535571170459,0.0453659,chr20,48906199,50289662
10151980,20_48921363_C_T,T,C,0.0449121424346266,0.0191583356835755,0.0190648,chr20,48921363,50304826
10151991,20_48924654_G_A,A,G,0.0251370792950882,0.0097376682670722,0.00983928,chr20,48924654,50308117
10152218,20_48986337_G_A,A,G,-0.023408214881241,0.0060584912337134,0.000111681,chr20,48986337,50369800
10152235,20_48988571_T_C,C,T,-0.0022972712211574,0.0066639334100186,0.730296,chr20,48988571,50372034
10152838,20_49113009_T_C,C,T,-0.0068437017259031,0.0083836402212397,0.414319,chr20,49113009,50496472
10152908,20_49132208_C_T,T,C,0.0082590109078012,0.0151799130360851,0.58639,chr20,49132208,50515671
10153104,20_49199895_G_A,A,G,0.0025198457701443,0.0268798348673263,0.925312,chr20,49199895,50583358
10153287,20_49244028_C_T,T,C,-0.0231609139295371,0.0244679027134215,0.343851,chr20,49244028,50627491
10153646,20_49333531_T_C,C,T,0.0175590191832082,0.0350795898154952,0.616689,chr20,49333531,50716994
10153736,20_49362140_G_A,A,G,-0.0085578903756637,0.0140523036301718,0.542523,chr20,49362140,50745603
10153831,20_49383630_G_A,A,G,-0.0074162249233623,0.0065359385777765,0.256508,chr20,49383630,50767093
10153927,20_49402025_C_G,G,C,-0.0314120912476691,0.0213113273816331,0.140492,chr20,49402025,50785488
10154034,20_49425560_G_A,A,G,0.0348594453308328,0.0171059788575692,0.0415648,chr20,49425560,50809023
10154146,20_49454956_A_T,T,A,-0.0296680293624646,0.0084037232856244,0.000415021,chr20,49454956,50838419
10154158,20_49458484_G_C,C,G,-0.020387728650691,0.0104265322388539,0.0505394,chr20,49458484,50841947
10154576,20_49594521_T_C,C,T,-0.0013724157105279,0.0066435221538466,0.836338,chr20,49594521,50977984
10154661,20_49624070_TG_T,T,TG,0.0218431460883923,0.0146023627787658,0.134689,chr20,49624070,51007533
10155027,20_49739860_G_A,A,G,-0.0012482836395366,0.0062274435420713,0.84113,chr20,49739860,51123323
10155443,20_49846268_C_A,A,C,-0.013702358793988,0.0115553094806192,0.235699,chr20,49846268,51229731
10155455,20_49850021_C_T,T,C,-0.0397115254626787,0.0236369949302383,0.092946,chr20,49850021,51233484
10155486,20_49857207_A_T,T,A,0.0144019259541329,0.019224391456143,0.453768,chr20,49857207,51240670
