"...1","yName","xNameMatrix","weight_cell_1","weight_cell_2","type","ID","stable_id"
56841,"ENSG00000048707.13","chr1_12084162_A_G_b38",0.012579228182204,0.012579228182204,"NonSpecific","ENSG00000048707.13","ENSG00000048707"
56845,"ENSG00000048707.13","chr1_12128557_G_A_b38",0.29583234860753,0.29583234860753,"NonSpecific","ENSG00000048707.13","ENSG00000048707"
56853,"ENSG00000048707.13","chr1_12233555_G_A_b38",0.0329269447748137,0.0329269447748137,"NonSpecific","ENSG00000048707.13","ENSG00000048707"
56877,"ENSG00000048707.13","chr1_12766700_C_T_b38",0.064143688235263,0.064143688235263,"NonSpecific","ENSG00000048707.13","ENSG00000048707"
147139,"ENSG00000084676.15","chr2_24435293_G_A_b38",0.0371515950831032,0.0371515950831032,"NonSpecific","ENSG00000084676.15","ENSG00000084676"
147166,"ENSG00000084676.15","chr2_24576978_A_G_b38",-0.0162656707044133,-0.0162656707044133,"NonSpecific","ENSG00000084676.15","ENSG00000084676"
147196,"ENSG00000084676.15","chr2_24807432_G_T_b38",0.0694820459119818,0.0694820459119818,"NonSpecific","ENSG00000084676.15","ENSG00000084676"
147205,"ENSG00000084676.15","chr2_24830541_C_T_b38",-0.0530917287584507,-0.0530917287584507,"NonSpecific","ENSG00000084676.15","ENSG00000084676"
147226,"ENSG00000084676.15","chr2_24888811_T_C_b38",0.00510111206654062,0.00510111206654062,"NonSpecific","ENSG00000084676.15","ENSG00000084676"
147239,"ENSG00000084676.15","chr2_25081705_A_G_b38",-0.0840029259914771,-0.0840029259914771,"NonSpecific","ENSG00000084676.15","ENSG00000084676"
147244,"ENSG00000084676.15","chr2_25122228_G_A_b38",0.00898508459153034,0.00898508459153034,"NonSpecific","ENSG00000084676.15","ENSG00000084676"
147262,"ENSG00000084676.15","chr2_25432522_C_G_b38",-0.0161678736443806,-0.0161678736443806,"NonSpecific","ENSG00000084676.15","ENSG00000084676"
178577,"ENSG00000092607.13","chr1_118022432_A_AAAAC_b38",0.0169521867505812,0.0169521867505812,"NonSpecific","ENSG00000092607.13","ENSG00000092607"
178611,"ENSG00000092607.13","chr1_118992711_T_A_b38",0.0358911224978592,0.0358911224978592,"NonSpecific","ENSG00000092607.13","ENSG00000092607"
178642,"ENSG00000092607.13","chr1_119164101_A_G_b38",0.0721146232233611,0.0721146232233611,"NonSpecific","ENSG00000092607.13","ENSG00000092607"
178652,"ENSG00000092607.13","chr1_119273892_T_TA_b38",0.016901159799286,0.016901159799286,"NonSpecific","ENSG00000092607.13","ENSG00000092607"
178661,"ENSG00000092607.13","chr1_119524252_A_G_b38",0.00414897010833395,0.00414897010833395,"NonSpecific","ENSG00000092607.13","ENSG00000092607"
178671,"ENSG00000092607.13","chr1_119880082_C_T_b38",-0.00851038050012747,-0.00851038050012747,"NonSpecific","ENSG00000092607.13","ENSG00000092607"
244766,"ENSG00000103199.13","chr16_4340291_G_A_b38",0.0245325294737978,0.0245325294737978,"NonSpecific","ENSG00000103199.13","ENSG00000103199"
244769,"ENSG00000103199.13","chr16_4419051_C_T_b38",0.0825560016872601,0.0825560016872601,"NonSpecific","ENSG00000103199.13","ENSG00000103199"
244771,"ENSG00000103199.13","chr16_4437227_T_C_b38",-0.0362956881982565,-0.0362956881982565,"NonSpecific","ENSG00000103199.13","ENSG00000103199"
244802,"ENSG00000103199.13","chr16_4642980_C_CAG_b38",0.00502333664362687,0.00502333664362687,"NonSpecific","ENSG00000103199.13","ENSG00000103199"
244822,"ENSG00000103199.13","chr16_4684512_C_T_b38",-0.00141760828576578,-0.00141760828576578,"NonSpecific","ENSG00000103199.13","ENSG00000103199"
244849,"ENSG00000103199.13","chr16_4731190_G_A_b38",-0.0878792313003814,-0.0878792313003814,"NonSpecific","ENSG00000103199.13","ENSG00000103199"
244857,"ENSG00000103199.13","chr16_4751841_G_A_b38",-0.0273053571962336,-0.0273053571962336,"NonSpecific","ENSG00000103199.13","ENSG00000103199"
244883,"ENSG00000103199.13","chr16_4788616_T_C_b38",0.0101996084280855,0.0101996084280855,"NonSpecific","ENSG00000103199.13","ENSG00000103199"
244964,"ENSG00000103199.13","chr16_5233490_T_G_b38",-0.0302963108228444,-0.0302963108228444,"NonSpecific","ENSG00000103199.13","ENSG00000103199"
333447,"ENSG00000110092.3","chr11_68699350_T_C_b38",-0.031827282957198,-0.031827282957198,"NonSpecific","ENSG00000110092.3","ENSG00000110092"
333459,"ENSG00000110092.3","chr11_69229315_G_A_b38",0.0409484364588796,0.0409484364588796,"NonSpecific","ENSG00000110092.3","ENSG00000110092"
333468,"ENSG00000110092.3","chr11_69272360_T_C_b38",-0.00691984633406764,-0.00691984633406764,"NonSpecific","ENSG00000110092.3","ENSG00000110092"
333470,"ENSG00000110092.3","chr11_69273743_C_T_b38",-0.0667709643192637,-0.0667709643192637,"NonSpecific","ENSG00000110092.3","ENSG00000110092"
333476,"ENSG00000110092.3","chr11_69304157_G_A_b38",0.0649559380023277,0.0649559380023277,"NonSpecific","ENSG00000110092.3","ENSG00000110092"
333478,"ENSG00000110092.3","chr11_69314531_G_A_b38",-0.131476191591968,-0.131476191591968,"NonSpecific","ENSG00000110092.3","ENSG00000110092"
333480,"ENSG00000110092.3","chr11_69325560_A_T_b38",0.0882123198982002,0.0882123198982002,"NonSpecific","ENSG00000110092.3","ENSG00000110092"
333496,"ENSG00000110092.3","chr11_69737590_T_C_b38",0.00164324201506477,0.00164324201506477,"NonSpecific","ENSG00000110092.3","ENSG00000110092"
333517,"ENSG00000110092.3","chr11_70100883_T_C_b38",-0.0256074421385131,-0.0256074421385131,"NonSpecific","ENSG00000110092.3","ENSG00000110092"
333519,"ENSG00000110092.3","chr11_70454171_A_G_b38",-0.00918061097412717,-0.00918061097412717,"NonSpecific","ENSG00000110092.3","ENSG00000110092"
333521,"ENSG00000110092.3","chr11_70549056_C_G_b38",0.0115416524976652,0.0115416524976652,"NonSpecific","ENSG00000110092.3","ENSG00000110092"
720485,"ENSG00000142233.11","chr19_48592206_G_C_b38",-0.00554427775941963,-0.00554427775941963,"NonSpecific","ENSG00000142233.11","ENSG00000142233"
720486,"ENSG00000142233.11","chr19_48593035_G_A_b38",0.0348796431158496,0.0348796431158496,"NonSpecific","ENSG00000142233.11","ENSG00000142233"
720508,"ENSG00000142233.11","chr19_48665685_G_A_b38",0.0339125450522538,0.0339125450522538,"NonSpecific","ENSG00000142233.11","ENSG00000142233"
720510,"ENSG00000142233.11","chr19_48674791_T_G_b38",0.0331439263165889,0.0331439263165889,"NonSpecific","ENSG00000142233.11","ENSG00000142233"
720514,"ENSG00000142233.11","chr19_48684378_G_A_b38",-0.200447591842261,-0.200447591842261,"NonSpecific","ENSG00000142233.11","ENSG00000142233"
720543,"ENSG00000142233.11","chr19_48751698_C_T_b38",-0.0406738551675708,-0.0406738551675708,"NonSpecific","ENSG00000142233.11","ENSG00000142233"
720550,"ENSG00000142233.11","chr19_48769204_C_A_b38",-0.0570061281221443,-0.0570061281221443,"NonSpecific","ENSG00000142233.11","ENSG00000142233"
720557,"ENSG00000142233.11","chr19_48789389_T_C_b38",0.00109816228986868,0.00109816228986868,"NonSpecific","ENSG00000142233.11","ENSG00000142233"
720560,"ENSG00000142233.11","chr19_48808273_C_G_b38",0.0544984223376458,0.0544984223376458,"NonSpecific","ENSG00000142233.11","ENSG00000142233"
720562,"ENSG00000142233.11","chr19_48858514_C_T_b38",-0.0100919355871892,-0.0100919355871892,"NonSpecific","ENSG00000142233.11","ENSG00000142233"
720565,"ENSG00000142233.11","chr19_48957466_A_G_b38",0.0388564364474423,0.0388564364474423,"NonSpecific","ENSG00000142233.11","ENSG00000142233"
720579,"ENSG00000142233.11","chr19_49645004_C_A_b38",0.0286634333591716,0.0286634333591716,"NonSpecific","ENSG00000142233.11","ENSG00000142233"
799608,"ENSG00000149054.15","chr11_5979084_GC_G_b38",0.0855626770849523,0.0855626770849523,"NonSpecific","ENSG00000149054.15","ENSG00000149054"
799612,"ENSG00000149054.15","chr11_6062722_G_A_b38",0.020830876416994,0.020830876416994,"NonSpecific","ENSG00000149054.15","ENSG00000149054"
799620,"ENSG00000149054.15","chr11_6416834_C_T_b38",-0.0447784235701112,-0.0447784235701112,"NonSpecific","ENSG00000149054.15","ENSG00000149054"
799633,"ENSG00000149054.15","chr11_6806625_T_C_b38",0.0093628623451274,0.0093628623451274,"NonSpecific","ENSG00000149054.15","ENSG00000149054"
799644,"ENSG00000149054.15","chr11_6906406_G_A_b38",-0.0206147307173616,-0.0206147307173616,"NonSpecific","ENSG00000149054.15","ENSG00000149054"
799650,"ENSG00000149054.15","chr11_6917206_C_T_b38",0.259984492043838,0.259984492043838,"NonSpecific","ENSG00000149054.15","ENSG00000149054"
799651,"ENSG00000149054.15","chr11_6918088_C_A_b38",-0.0472514740004364,-0.0472514740004364,"NonSpecific","ENSG00000149054.15","ENSG00000149054"
799652,"ENSG00000149054.15","chr11_6923424_C_A_b38",-0.311563499878498,-0.311563499878498,"NonSpecific","ENSG00000149054.15","ENSG00000149054"
799657,"ENSG00000149054.15","chr11_6937363_T_C_b38",0.0590919839920318,0.0590919839920318,"NonSpecific","ENSG00000149054.15","ENSG00000149054"
799658,"ENSG00000149054.15","chr11_6942513_A_T_b38",-0.0144113906474786,-0.0144113906474786,"NonSpecific","ENSG00000149054.15","ENSG00000149054"
799666,"ENSG00000149054.15","chr11_6957217_A_G_b38",0.074999244302232,0.074999244302232,"NonSpecific","ENSG00000149054.15","ENSG00000149054"
799671,"ENSG00000149054.15","chr11_6972327_T_G_b38",0.112016957267582,0.112016957267582,"NonSpecific","ENSG00000149054.15","ENSG00000149054"
799672,"ENSG00000149054.15","chr11_6976354_C_A_b38",0.0325513752357201,0.0325513752357201,"NonSpecific","ENSG00000149054.15","ENSG00000149054"
799682,"ENSG00000149054.15","chr11_6995491_T_C_b38",-0.218795400764205,-0.218795400764205,"NonSpecific","ENSG00000149054.15","ENSG00000149054"
799693,"ENSG00000149054.15","chr11_7106348_A_C_b38",0.00518106556461888,0.00518106556461888,"NonSpecific","ENSG00000149054.15","ENSG00000149054"
799716,"ENSG00000149054.15","chr11_7633309_G_A_b38",0.331071898487973,0.331071898487973,"NonSpecific","ENSG00000149054.15","ENSG00000149054"
899280,"ENSG00000159164.9","chr1_149006492_C_T_b38",0.00434716541066697,0.00434716541066697,"NonSpecific","ENSG00000159164.9","ENSG00000159164"
899286,"ENSG00000159164.9","chr1_149592180_T_C_b38",0.0164391859146288,0.0164391859146288,"NonSpecific","ENSG00000159164.9","ENSG00000159164"
899293,"ENSG00000159164.9","chr1_149665896_A_G_b38",0.0305011983614767,0.0305011983614767,"NonSpecific","ENSG00000159164.9","ENSG00000159164"
899304,"ENSG00000159164.9","chr1_149780394_A_G_b38",-0.0235249147408401,-0.0235249147408401,"NonSpecific","ENSG00000159164.9","ENSG00000159164"
899311,"ENSG00000159164.9","chr1_149803323_T_C_b38",-0.0576605667546748,-0.0576605667546748,"NonSpecific","ENSG00000159164.9","ENSG00000159164"
899313,"ENSG00000159164.9","chr1_149875391_T_A_b38",-0.0298780314800237,-0.0298780314800237,"NonSpecific","ENSG00000159164.9","ENSG00000159164"
899319,"ENSG00000159164.9","chr1_149936215_A_G_b38",-0.0222287274022338,-0.0222287274022338,"NonSpecific","ENSG00000159164.9","ENSG00000159164"
1007128,"ENSG00000165269.12","chr9_33355763_G_A_b38",-0.0244269249933376,-0.0244269249933376,"NonSpecific","ENSG00000165269.12","ENSG00000165269"
1007129,"ENSG00000165269.12","chr9_33359361_G_C_b38",-0.0868814807343668,-0.0868814807343668,"NonSpecific","ENSG00000165269.12","ENSG00000165269"
1007136,"ENSG00000165269.12","chr9_33385243_C_A_b38",-0.0072119334788859,-0.0072119334788859,"NonSpecific","ENSG00000165269.12","ENSG00000165269"
1007164,"ENSG00000165269.12","chr9_33419065_T_C_b38",-0.00992434438492738,-0.00992434438492738,"NonSpecific","ENSG00000165269.12","ENSG00000165269"
1007169,"ENSG00000165269.12","chr9_33420338_C_A_b38",-0.0199946700978903,-0.0199946700978903,"NonSpecific","ENSG00000165269.12","ENSG00000165269"
1007189,"ENSG00000165269.12","chr9_33430177_G_C_b38",-0.0467418014019175,-0.0467418014019175,"NonSpecific","ENSG00000165269.12","ENSG00000165269"
1028013,"ENSG00000166333.13","chr11_7046937_C_T_b38",0.174586503812988,0.174586503812988,"NonSpecific","ENSG00000166333.13","ENSG00000166333"
1304120,"ENSG00000183779.6","chr8_36980132_T_C_b38",-0.0467708643201817,-0.0467708643201817,"NonSpecific","ENSG00000183779.6","ENSG00000183779"
1304121,"ENSG00000183779.6","chr8_36989597_T_C_b38",-0.0079577786087099,-0.0079577786087099,"NonSpecific","ENSG00000183779.6","ENSG00000183779"
1304124,"ENSG00000183779.6","chr8_37017416_C_T_b38",0.0182020575126443,0.0182020575126443,"NonSpecific","ENSG00000183779.6","ENSG00000183779"
1304138,"ENSG00000183779.6","chr8_37350348_A_G_b38",-0.0383264259228497,-0.0383264259228497,"NonSpecific","ENSG00000183779.6","ENSG00000183779"
1470907,"ENSG00000198914.3","chr2_104238592_G_A_b38",-0.157557871059361,-0.157557871059361,"NonSpecific","ENSG00000198914.3","ENSG00000198914"
1470912,"ENSG00000198914.3","chr2_104531960_C_T_b38",0.0177707211390313,0.0177707211390313,"NonSpecific","ENSG00000198914.3","ENSG00000198914"
1470915,"ENSG00000198914.3","chr2_104594304_T_C_b38",-0.53330983477884,-0.53330983477884,"NonSpecific","ENSG00000198914.3","ENSG00000198914"
1470925,"ENSG00000198914.3","chr2_104801834_A_G_b38",0.0175522660712895,0.0175522660712895,"NonSpecific","ENSG00000198914.3","ENSG00000198914"
1470932,"ENSG00000198914.3","chr2_104973656_T_C_b38",0.0849875824226899,0.0849875824226899,"NonSpecific","ENSG00000198914.3","ENSG00000198914"
1470934,"ENSG00000198914.3","chr2_105169752_G_A_b38",-0.0597579342110872,-0.0597579342110872,"NonSpecific","ENSG00000198914.3","ENSG00000198914"
1470936,"ENSG00000198914.3","chr2_105181868_G_A_b38",-0.0217477748845101,-0.0217477748845101,"NonSpecific","ENSG00000198914.3","ENSG00000198914"
1470942,"ENSG00000198914.3","chr2_105298671_G_A_b38",0.219698533464147,0.219698533464147,"NonSpecific","ENSG00000198914.3","ENSG00000198914"
1470945,"ENSG00000198914.3","chr2_105439214_C_T_b38",-0.206428265730325,-0.206428265730325,"NonSpecific","ENSG00000198914.3","ENSG00000198914"
1470952,"ENSG00000198914.3","chr2_105613011_C_T_b38",0.0548056231587048,0.0548056231587048,"NonSpecific","ENSG00000198914.3","ENSG00000198914"
1470954,"ENSG00000198914.3","chr2_105715048_A_G_b38",0.171620129309511,0.171620129309511,"NonSpecific","ENSG00000198914.3","ENSG00000198914"
1626230,"ENSG00000224397.5","chr20_50180668_T_A_b38",0.0708752992631863,0.0708752992631863,"NonSpecific","ENSG00000224397.5","ENSG00000224397"
1626249,"ENSG00000224397.5","chr20_50267587_C_A_b38",-0.0604250893395876,-0.0604250893395876,"NonSpecific","ENSG00000224397.5","ENSG00000224397"
1626250,"ENSG00000224397.5","chr20_50267658_A_G_b38",-0.348674134964761,-0.348674134964761,"NonSpecific","ENSG00000224397.5","ENSG00000224397"
1626275,"ENSG00000224397.5","chr20_50308117_G_A_b38",-0.0735372328186598,-0.0735372328186598,"NonSpecific","ENSG00000224397.5","ENSG00000224397"
1626297,"ENSG00000224397.5","chr20_50838419_A_T_b38",-0.0661382310048425,-0.0661382310048425,"NonSpecific","ENSG00000224397.5","ENSG00000224397"
1655908,"ENSG00000226445.1","chr6_168587193_A_G_b38",0.0130263477869149,0.0130263477869149,"NonSpecific","ENSG00000226445.1","ENSG00000226445"
1655933,"ENSG00000226445.1","chr6_169159777_T_C_b38",0.0667540653312268,0.0667540653312268,"NonSpecific","ENSG00000226445.1","ENSG00000226445"
1655962,"ENSG00000226445.1","chr6_169216002_C_T_b38",-0.392053237315623,-0.392053237315623,"NonSpecific","ENSG00000226445.1","ENSG00000226445"
1655986,"ENSG00000226445.1","chr6_169264940_A_G_b38",-0.167006824392428,-0.167006824392428,"NonSpecific","ENSG00000226445.1","ENSG00000226445"
1655987,"ENSG00000226445.1","chr6_169267139_A_G_b38",-0.0605967857139031,-0.0605967857139031,"NonSpecific","ENSG00000226445.1","ENSG00000226445"
1738247,"ENSG00000232871.8","chr19_47968954_A_G_b38",-0.0115206912898703,-0.0115206912898703,"NonSpecific","ENSG00000232871.8","ENSG00000232871"
1738251,"ENSG00000232871.8","chr19_48062226_G_A_b38",-0.0132051119609227,-0.0132051119609227,"NonSpecific","ENSG00000232871.8","ENSG00000232871"
1738262,"ENSG00000232871.8","chr19_48425449_T_C_b38",-0.0326405433773995,-0.0326405433773995,"NonSpecific","ENSG00000232871.8","ENSG00000232871"
1738269,"ENSG00000232871.8","chr19_48558058_C_A_b38",0.0572091230153994,0.0572091230153994,"NonSpecific","ENSG00000232871.8","ENSG00000232871"
1738289,"ENSG00000232871.8","chr19_48609042_G_A_b38",-0.0856469728685523,-0.0856469728685523,"NonSpecific","ENSG00000232871.8","ENSG00000232871"
1738290,"ENSG00000232871.8","chr19_48610979_T_G_b38",-0.0050292528527665,-0.0050292528527665,"NonSpecific","ENSG00000232871.8","ENSG00000232871"
1738293,"ENSG00000232871.8","chr19_48617517_T_G_b38",-0.0470599111707303,-0.0470599111707303,"NonSpecific","ENSG00000232871.8","ENSG00000232871"
1738297,"ENSG00000232871.8","chr19_48637552_A_C_b38",0.061159078025066,0.061159078025066,"NonSpecific","ENSG00000232871.8","ENSG00000232871"
1738304,"ENSG00000232871.8","chr19_48654232_C_T_b38",-0.0128409909492324,-0.0128409909492324,"NonSpecific","ENSG00000232871.8","ENSG00000232871"
1738305,"ENSG00000232871.8","chr19_48659241_G_C_b38",0.181652711871615,0.181652711871615,"NonSpecific","ENSG00000232871.8","ENSG00000232871"
1738315,"ENSG00000232871.8","chr19_48696547_G_C_b38",0.0264910283317968,0.0264910283317968,"NonSpecific","ENSG00000232871.8","ENSG00000232871"
1738341,"ENSG00000232871.8","chr19_48769204_C_A_b38",-0.0428563913196015,-0.0428563913196015,"NonSpecific","ENSG00000232871.8","ENSG00000232871"
1738347,"ENSG00000232871.8","chr19_48797636_C_T_b38",-0.126548677516319,-0.126548677516319,"NonSpecific","ENSG00000232871.8","ENSG00000232871"
1738349,"ENSG00000232871.8","chr19_48883541_T_C_b38",-0.101404923134055,-0.101404923134055,"NonSpecific","ENSG00000232871.8","ENSG00000232871"
1738350,"ENSG00000232871.8","chr19_48889942_G_A_b38",-0.0345636654588631,-0.0345636654588631,"NonSpecific","ENSG00000232871.8","ENSG00000232871"
1738354,"ENSG00000232871.8","chr19_49012722_C_T_b38",0.00429294552817281,0.00429294552817281,"NonSpecific","ENSG00000232871.8","ENSG00000232871"
1738357,"ENSG00000232871.8","chr19_49126589_G_A_b38",0.00361226329147207,0.00361226329147207,"NonSpecific","ENSG00000232871.8","ENSG00000232871"
1778681,"ENSG00000236036.1","chr13_35679098_G_A_b38",-0.020991387797515,-0.020991387797515,"NonSpecific","ENSG00000236036.1","ENSG00000236036"
1778684,"ENSG00000236036.1","chr13_35695722_C_G_b38",0.197744974928238,0.197744974928238,"NonSpecific","ENSG00000236036.1","ENSG00000236036"
1778688,"ENSG00000236036.1","chr13_35700313_G_A_b38",-0.00709290720399535,-0.00709290720399535,"NonSpecific","ENSG00000236036.1","ENSG00000236036"
1961259,"ENSG00000257800.1","chr2_74097870_T_C_b38",-0.0300352549066729,-0.0300352549066729,"NonSpecific","ENSG00000257800.1","ENSG00000257800"
1961262,"ENSG00000257800.1","chr2_74109147_A_T_b38",0.0938907047406599,0.0938907047406599,"NonSpecific","ENSG00000257800.1","ENSG00000257800"
1961270,"ENSG00000257800.1","chr2_74120467_G_C_b38",0.233008856051733,0.233008856051733,"NonSpecific","ENSG00000257800.1","ENSG00000257800"
1961330,"ENSG00000257800.1","chr2_75114421_A_G_b38",-0.0457087849042972,-0.0457087849042972,"NonSpecific","ENSG00000257800.1","ENSG00000257800"
2195947,"ENSG00000277147.4","chr1_149561834_G_C_b38",0.0623281296294592,0.0623281296294592,"NonSpecific","ENSG00000277147.4","ENSG00000277147"
2195953,"ENSG00000277147.4","chr1_149591757_T_C_b38",0.143852849067201,0.143852849067201,"NonSpecific","ENSG00000277147.4","ENSG00000277147"
2196013,"ENSG00000277147.4","chr1_150017238_A_T_b38",0.00249717894234162,0.00249717894234162,"NonSpecific","ENSG00000277147.4","ENSG00000277147"
